lr,ag,lc,dt,cr,rg,rc,tg,tc,cc,wd,ld,fd,dw,py,mt,mn,p1,lr,ag,lc,dt,cr,rg,rc,tg,tc,cc,wd,ld,fd,dw,py,mt,mn,p1,p2,pd,pf,wk1mc,wk2mc,w1,w2,w3,w4,w5,w1t,w2t,w3t,w4t,w5t,dc,lt,ll3,ll2,ll1,d2l,d1l,lbx,sr,adj1,adj8,ad1,ad8,iw,al,ldiv
L1,6,B,1800,B,g1,r14,g1,t1,0,31,4,5.4,3,0,0,0,1,L1,6,B,1800,B,g1,r14,g1,t1,0,31,4,5.4,3,0,0,0,1,0,7,7,0,0,0,0,0,0,0,FALSE,FALSE,FALSE,FALSE,FALSE,ts,96,-4.75,-3.5,-1.25,3.5,2.25,1.31,1,22.31,45.23,21.69,44.61,0,130,6.4
L2,6,B,1800,B,g1,r14,g1,t1,0,31,2,5.4,3,0,0,0,0,L2,6,B,1800,B,g1,r14,g1,t1,0,31,2,5.4,3,0,0,0,0,0,0,5,0,0,0,0,0,0,0,FALSE,FALSE,FALSE,FALSE,FALSE,tc,130,-8.75,-7.75,-1.5,7.25,6.25,0.15,1,23.31,46.43,23.01,46.13,0,130,8.5
L3,6,B,1800,B,g1,r14,g1,t1,0,31,8,5.4,3,0,0,0,-1,L3,6,B,1800,B,g1,r14,g1,t1,0,31,8,5.4,3,0,0,0,-1,0,4,9,0,0,0,0,0,0,0,FALSE,FALSE,FALSE,FALSE,FALSE,gs,162,-4.75,-3.5,1,5.75,4.5,-0.85,2,25.19,48.89,24.71,48.41,4.6,130,10
L3,6,B,1800,B,g2,r16,g4,t14,0,-24,12,8.4,1,0,0,0,-2,L3,6,B,1800,B,g2,r16,g4,t14,0,-24,12,8.4,1,0,0,0,-2,1,3,5,0,4,0,23.6,0,0,22.9,FALSE,TRUE,FALSE,FALSE,TRUE,ts,193,-1.75,-1.25,0.75,2.5,2,0.79,3,22.74,46.59,23.3,47.15,0,125,8
L2,6,B,1800,B,g2,r16,g4,t14,0,-24,3,8.4,1,0,0,0,0,L2,6,B,1800,B,g2,r16,g4,t14,0,-24,3,8.4,1,0,0,0,0,1,-1,3,0,4,0,23.6,0,0,22.9,FALSE,TRUE,FALSE,FALSE,TRUE,gs,162,-2.25,-1.75,-1.25,1,0.5,-1.21,3,24.83,48.65,25.09,48.91,0,125,4.6
L1,6,B,1800,B,g2,r16,g4,t14,0,-24,1,8.4,1,0,0,0,-1,L1,6,B,1800,B,g2,r16,g4,t14,0,-24,1,8.4,1,0,0,0,-1,0,-3,3,0,4,0,23.6,0,0,22.9,FALSE,TRUE,FALSE,FALSE,TRUE,ts,151,-1.75,-2.25,-15,-13.25,-12.75,-0.78,9,24.41,48.5,24.89,48.98,0,125,3.7
L1,6,B,1800,B,g4,r29,g4,t15,0,1,0,15,5,0,0,0,0,L1,6,B,1800,B,g4,r29,g4,t15,0,1,0,15,5,0,0,0,0,-1,0,7,0,0,0,0,0,0,22.6,FALSE,FALSE,FALSE,FALSE,TRUE,gz,22,-3.75,-3.75,-3.5,0.25,0.25,0.84,6,23.38,47.58,23.36,47.56,27,123,42
L2,6,B,1800,B,g4,r29,g4,t15,0,1,-1,15,5,0,0,0,0,L2,6,B,1800,B,g4,r29,g4,t15,0,1,-1,15,5,0,0,0,0,0,0,5,0,0,0,0,0,0,22.6,FALSE,FALSE,FALSE,FALSE,TRUE,dd,85,-1.5,-2.25,-7.5,-6,-5.25,0.88,9,24.26,49.7,24.54,49.98,16,123,31
L3,6,B,1800,B,g4,r29,g4,t15,0,1,1,15,5,0,0,0,-1,L3,6,B,1800,B,g4,r29,g4,t15,0,1,1,15,5,0,0,0,-1,0,1,9,0,0,0,0,0,0,22.6,FALSE,FALSE,FALSE,FALSE,TRUE,gz,99,-7.75,-5.25,-6.25,1.5,-1,0.86,7,22.7,46.62,23.08,47,8,123,23
L2,6,B,1800,B,a1,r1,g1,t1,0,3,7,4.2,8,0,0,0,0,L2,6,B,1800,B,a1,r1,g1,t1,0,3,7,4.2,8,0,0,0,0,0,0,5,0,3,0,23.6,0,0,0,FALSE,TRUE,FALSE,FALSE,FALSE,tc,109,-2.5,-0.75,-1.25,1.25,-0.5,0.65,2,22.75,46.15,22.89,46.29,0,123,5.8
L3,6,B,1800,B,a1,r1,g1,t1,0,3,10,4.2,8,0,0,0,0,L3,6,B,1800,B,a1,r1,g1,t1,0,3,10,4.2,8,0,0,0,0,0,0,5,0,3,0,23.6,0,0,0,FALSE,TRUE,FALSE,FALSE,FALSE,tc,130,-2.25,-2.25,-0.5,1.75,1.75,-0.45,6,23.85,47.13,23.93,47.21,0,123,8.9
L1,6,B,1800,B,a1,r1,g1,t1,0,3,6,4.2,8,0,0,0,0,L1,6,B,1800,B,a1,r1,g1,t1,0,3,6,4.2,8,0,0,0,0,0,-3,3,0,3,0,23.6,0,0,0,FALSE,TRUE,FALSE,FALSE,FALSE,ts,96,-1,-1.75,-4.25,-3.25,-2.5,0.83,9,22.59,45.83,22.53,45.77,6.8,123,11
L3,6,B,1800,B,g1,r13,g2,t8,0,-3,-1,3,4,0,0,0,0,L3,6,B,1800,B,g1,r13,g2,t8,0,-3,-1,3,4,0,0,0,0,0,0,5,5,0,23.1,0,0,23,0,TRUE,FALSE,FALSE,TRUE,FALSE,dd,141,-7,-5.25,-3.5,3.5,1.75,0.56,3,23.69,47.96,23.69,47.96,15,123,18
L1,6,B,1800,B,g1,r13,g2,t8,0,-3,1,3,4,0,0,0,1,L1,6,B,1800,B,g1,r13,g2,t8,0,-3,1,3,4,0,0,0,1,-1,3,9,5,0,23.1,0,0,23,0,TRUE,FALSE,FALSE,TRUE,FALSE,ts,96,-6.25,-3.75,-5.75,0.5,-2,0.41,8,22.27,44.99,22.33,45.05,19,123,22
L2,6,B,1800,B,g1,r13,g2,t8,0,-3,-6,3,4,0,0,0,0,L2,6,B,1800,B,g1,r13,g2,t8,0,-3,-6,3,4,0,0,0,0,1,6,7,5,0,23.1,0,0,23,0,TRUE,FALSE,FALSE,TRUE,FALSE,gs,120,-5.5,-5.75,-2.5,3,3.25,1.34,1,21.91,45.3,21.93,45.32,0,123,3.4
L1,6,B,1800,B,a1,r2,g5,t18,0,4,-13,14,2,0,0,0,0,L1,6,B,1800,B,a1,r2,g5,t18,0,4,-13,14,2,0,0,0,0,0,-1,5,0,0,0,0,0,0,22.2,FALSE,FALSE,FALSE,FALSE,TRUE,gz,15,-4.5,-4,-3.75,0.75,0.25,1.43,6,22.62,46.85,22.54,46.77,0,113,11
L2,6,B,1800,B,a1,r2,g5,t18,0,4,-13,14,2,0,0,0,0,L2,6,B,1800,B,a1,r2,g5,t18,0,4,-13,14,2,0,0,0,0,1,4,7,0,0,0,0,0,0,22.2,FALSE,FALSE,FALSE,FALSE,TRUE,gz,134,-5.25,-4,-2.5,2.75,1.5,0.85,3,23.14,47.23,22.98,47.07,0,113,15
L3,6,B,1800,B,a1,r2,g5,t18,0,4,-12,14,2,0,0,0,-1,L3,6,B,1800,B,a1,r2,g5,t18,0,4,-12,14,2,0,0,0,-1,-1,-1,7,0,0,0,0,0,0,22.2,FALSE,FALSE,FALSE,FALSE,TRUE,gz,155,-4.75,-3.75,-3,1.75,0.75,1.16,5,23.49,48.1,23.21,47.82,0,113,6.9
L3,6,B,1800,B,g1,r15,g1,t2,0,-1,-1,9.3,6,0,0,0,0,L3,6,B,1800,B,g1,r15,g1,t2,0,-1,-1,9.3,6,0,0,0,0,0,0,5,0,0,0,0,0,0,22.9,FALSE,FALSE,FALSE,FALSE,TRUE,tc,130,-3,-1.75,-1.5,1.5,0.25,-0.85,9,23.77,46.85,23.91,46.99,5.7,120,15
L2,6,B,1800,B,g1,r15,g1,t2,0,-1,-6,9.3,6,0,0,0,-1,L2,6,B,1800,B,g1,r15,g1,t2,0,-1,-6,9.3,6,0,0,0,-1,0,-4,3,0,0,0,0,0,0,22.9,FALSE,FALSE,FALSE,FALSE,TRUE,gs,120,-2.5,-3.25,-6,-3.5,-2.75,0.45,8,22.88,46.35,22.9,46.37,0,120,8.1
L1,6,B,1800,B,g1,r15,g1,t2,0,-1,-3,9.3,6,0,0,0,0,L1,6,B,1800,B,g1,r15,g1,t2,0,-1,-3,9.3,6,0,0,0,0,1,3,9,0,0,0,0,0,0,22.9,FALSE,FALSE,FALSE,FALSE,TRUE,gz,15,-6.25,-6,-3.5,2.75,2.5,1.83,1,22.36,46.63,22.38,46.65,16.7,120,26
L2,5,B,1800,B,g3,r24,g2,t8,0,-2,7,10,7,0,7,23,0,L2,5,B,1800,B,g3,r24,g2,t8,0,-2,7,10,7,0,7,23,0,0,9,11,0,0,0,0,0,0,0,FALSE,FALSE,FALSE,FALSE,FALSE,zc,116,-10,-9.75,-2.75,7.25,7,0.04,1,23.71,47.34,23.73,47.36,0,118,13
L1,5,B,1800,B,g3,r24,g2,t8,0,-2,3,10,7,0,7,23,0,L1,5,B,1800,B,g3,r24,g2,t8,0,-2,3,10,7,0,7,23,0,0,3,11,0,0,0,0,0,0,0,FALSE,FALSE,FALSE,FALSE,FALSE,ts,96,-8.75,-4.75,-5.75,3,-1,0.3,6,22.2,44.68,22.24,44.72,0,118,10
L3,5,B,1800,B,g3,r24,g2,t8,0,-2,-4,10,7,0,7,23,0,L3,5,B,1800,B,g3,r24,g2,t8,0,-2,-4,10,7,0,7,23,0,0,0,5,0,0,0,0,0,0,0,FALSE,FALSE,FALSE,FALSE,FALSE,dd,183,-5,-6.25,-13.75,-8.75,-7.5,-0.75,11,24.73,48.85,24.79,48.91,0,118,5.9
L1,4,B,1600,B,g2,r17,g2,t7,0,25,9,3.2,2,1,7,22.5,0,L1,4,B,1600,B,g2,r17,g2,t7,0,25,9,3.2,2,1,7,22.5,0,0,0,5,0,0,0,0,0,0,0,FALSE,FALSE,FALSE,FALSE,FALSE,ts,81,-4.75,-3,-1.25,3.5,1.75,1.09,3,23.82,47.88,23.19,47.25,0,131,4.9
L2,4,B,1600,B,g2,r17,g2,t7,0,25,3,3.2,2,1,7,22.5,0,L2,4,B,1600,B,g2,r17,g2,t7,0,25,3,3.2,2,1,7,22.5,0,0,0,5,0,0,0,0,0,0,0,FALSE,FALSE,FALSE,FALSE,FALSE,ts,92,-3.75,-3.5,-4.25,-0.5,-0.75,0.14,6,24.39,48.45,23.99,48.05,0,131,4
L3,4,B,1600,B,g2,r17,g2,t7,0,25,7,3.2,2,1,7,22.5,-3,L3,4,B,1600,B,g2,r17,g2,t7,0,25,7,3.2,2,1,7,22.5,-3,1,4,7,0,0,0,0,0,0,0,FALSE,FALSE,FALSE,FALSE,FALSE,ts,123,-2.5,-3.25,-1.75,0.75,1.5,0.43,3,23.69,47.16,23.21,46.68,0,131,4
L3,8,B,1600,B,g2,r18,g4,t17,0,6,-1,7.4,7,1,0,0,-1,L3,8,B,1600,B,g2,r18,g4,t17,0,6,-1,7.4,7,1,0,0,-1,0,5,11,0,0,0,0,0,0,22.3,FALSE,FALSE,FALSE,FALSE,TRUE,tc,151,-11.25,-9,-6.5,4.75,2.5,-0.66,3,23.68,46.77,23.73,46.82,18.6,130,26
L1,8,B,1600,B,g2,r18,g4,t17,0,6,1,7.4,7,1,0,0,0,L1,8,B,1600,B,g2,r18,g4,t17,0,6,1,7.4,7,1,0,0,0,1,4,7,0,0,0,0,0,0,22.3,FALSE,FALSE,FALSE,FALSE,TRUE,tc,18,-3.5,-2.75,-1.75,1.75,1,0.88,2,22.8,46.31,22.65,46.16,12.6,130,20
L2,8,B,1600,B,g2,r18,g4,t17,0,6,1,7.4,7,1,0,0,0,L2,8,B,1600,B,g2,r18,g4,t17,0,6,1,7.4,7,1,0,0,0,0,6,11,0,0,0,0,0,0,22.3,FALSE,FALSE,FALSE,FALSE,TRUE,tc,130,-6.25,-5,-4.5,1.75,0.5,0.28,2,23.65,47.63,23.72,47.7,14.6,130,22
L1,7,B,1600,B,a3,r6,g5,t21,0,10,1,27,1,0,0,0,-1,L1,7,B,1600,B,a3,r6,g5,t21,0,10,1,27,1,0,0,0,-1,-1,3,11,0,0,0,0,0,0,0,FALSE,FALSE,FALSE,FALSE,FALSE,gs,22,-7.25,-6.75,-10,-2.75,-3.25,0.51,9,23.71,47.66,23.46,47.41,0,125,36
L2,7,B,1600,B,a3,r6,g5,t21,0,10,-3,27,1,0,0,0,0,L2,7,B,1600,B,a3,r6,g5,t21,0,10,-3,27,1,0,0,0,0,0,0,5,0,0,0,0,0,0,0,FALSE,FALSE,FALSE,FALSE,FALSE,ts,92,-6.25,-4,-5,1.25,-1,-0.23,7,23.95,47.69,23.9,47.64,27,125,54
L3,7,B,1600,B,a3,r6,g5,t21,0,10,1,27,1,0,0,0,0,L3,7,B,1600,B,a3,r6,g5,t21,0,10,1,27,1,0,0,0,0,1,1,7,0,0,0,0,0,0,0,FALSE,FALSE,FALSE,FALSE,FALSE,gs,120,-8,-4.75,-4.5,3.5,0.25,0.11,6,24.15,48.26,24.02,48.13,0,125,22
L2,5,B,1600,B,g3,r24,g1,t2,0,4,-1,9.9,3,1,0,0,-1,L2,5,B,1600,B,g3,r24,g1,t2,0,4,-1,9.9,3,1,0,0,-1,8,8,11,0,0,0,0,0,0,0,FALSE,FALSE,FALSE,FALSE,FALSE,tz,145,-4.75,-5.25,-4.5,0.25,0.75,-0.5,2,22.24,44.43,22.67,44.86,45.1,126,55
L1,5,B,1600,B,g3,r24,g1,t2,0,4,1,9.9,3,1,0,0,0,L1,5,B,1600,B,g3,r24,g1,t2,0,4,1,9.9,3,1,0,0,0,0,9,11,0,0,0,0,0,0,0,FALSE,FALSE,FALSE,FALSE,FALSE,zc,109,-6.5,-5.75,-5.25,1.25,0.5,-0.09,3,23.16,46.11,23.06,46.01,0.1,126,10
L3,5,B,1600,B,g3,r24,g1,t2,0,4,0,9.9,3,1,0,0,0,L3,5,B,1600,B,g3,r24,g1,t2,0,4,0,9.9,3,1,0,0,0,0,0,5,0,0,0,0,0,0,0,FALSE,FALSE,FALSE,FALSE,FALSE,dd,0,0,0,0,0,0,0,0,0,0,0,0,0,126,0
L2,5,B,1600,B,a2,r4,g3,t13,0,16,-2,13,6,1,0,0,0,L2,5,B,1600,B,a2,r4,g3,t13,0,16,-2,13,6,1,0,0,0,-4,-4,5,0,0,0,0,0,0,23.3,FALSE,FALSE,FALSE,FALSE,TRUE,tz,88,-1.75,-2,-5.5,-3.75,-3.5,-0.63,9,23.69,46.43,23.32,46.06,55,125,68
L3,5,B,1600,B,a2,r4,g3,t13,-1,16,13,13,6,1,0,0,1,L3,5,B,1600,B,a2,r4,g3,t13,-1,16,13,13,6,1,0,0,1,-1,-9,5,0,0,0,0,0,0,23.3,FALSE,FALSE,FALSE,FALSE,TRUE,zc,165,-2.75,-4.5,-17,-14.25,-12.5,-2.43,14,25.54,48.75,25.96,49.17,375,125,388
L1,5,B,1600,B,a2,r4,g3,t13,0,16,2,13,6,1,0,0,0,L1,5,B,1600,B,a2,r4,g3,t13,0,16,2,13,6,1,0,0,0,0,0,5,0,0,0,0,0,0,23.3,FALSE,FALSE,FALSE,FALSE,TRUE,zc,18,-3.75,-2.5,-2.5,1.25,0,0.31,3,23.39,46.64,22.99,46.24,77,125,90
L3,7,B,1600,B,g1,r13,g2,t9,0,-23,2,4.1,5,1,0,0,3,L3,7,B,1600,B,g1,r13,g2,t9,0,-23,2,4.1,5,1,0,0,3,-2,5,7,0,4,0,24.9,0,0,23.2,FALSE,TRUE,FALSE,FALSE,TRUE,ts,123,-2.5,-2.5,-0.5,2,2,0.36,2,22.82,46.17,23.04,46.39,0,123,4.2
L2,7,B,1600,B,g1,r13,g2,t9,0,-23,0,4.1,5,1,0,0,4,L2,7,B,1600,B,g1,r13,g2,t9,0,-23,0,4.1,5,1,0,0,4,2,3,7,0,4,0,24.9,0,0,23.2,FALSE,TRUE,FALSE,FALSE,TRUE,ts,102,-2.75,-1.75,-2.25,0.5,-0.5,0.01,4,23.49,47.56,24.06,48.13,0,123,6.6
L1,7,B,1600,B,g1,r13,g2,t9,0,-23,1,4.1,5,1,0,0,0,L1,7,B,1600,B,g1,r13,g2,t9,0,-23,1,4.1,5,1,0,0,0,0,0,5,0,4,0,24.9,0,0,23.2,FALSE,TRUE,FALSE,FALSE,TRUE,ts,81,-7.75,-4.5,-1.5,6.25,3,0.87,1,22.4,46.22,22.97,46.79,0,123,8.7
L2,5,B,1600,B,g1,r15,g3,t12,0,4,-2,6.9,9,1,0,0,0,L2,5,B,1600,B,g1,r15,g3,t12,0,4,-2,6.9,9,1,0,0,0,0,0,5,0,0,0,0,0,0,22.2,FALSE,FALSE,FALSE,FALSE,TRUE,ts,81,-6.25,-4,-3.75,2.5,0.25,0.59,4,23.27,47.25,23.34,47.32,26.1,123,33
L3,5,B,1600,B,g1,r15,g3,t12,0,4,-3,6.9,9,1,0,0,-2,L3,5,B,1600,B,g1,r15,g3,t12,0,4,-3,6.9,9,1,0,0,-2,0,-6,5,0,0,0,0,0,0,22.2,FALSE,FALSE,FALSE,FALSE,TRUE,ts,123,-1.5,-2.5,-7.75,-6.25,-5.25,-0.62,11,24.08,47.59,24.06,47.57,7.1,123,14
L1,5,B,1600,B,g1,r15,g3,t12,0,4,-2,6.9,9,1,0,0,0,L1,5,B,1600,B,g1,r15,g3,t12,0,4,-2,6.9,9,1,0,0,0,0,1,7,0,0,0,0,0,0,22.2,FALSE,FALSE,FALSE,FALSE,TRUE,tc,18,-4,-4.5,-5,-1,-0.5,0.86,4,22.9,46.61,22.8,46.51,12.1,123,19
L3,7,B,1600,B,a4,r3,g4,t14,0,-38,-7,47,4,0,0,0,0,L3,7,B,1600,B,a4,r3,g4,t14,0,-38,-7,47,4,0,0,0,0,0,-2,1,0,0,0,0,0,0,0,FALSE,FALSE,FALSE,FALSE,FALSE,gs,155,0.75,1.25,-1.25,-2,-2.5,-0.51,10,23.11,46.73,23.96,47.58,0,120,11
L1,7,B,1600,B,a4,r3,g4,t14,0,-38,-3,47,4,0,0,0,2,L1,7,B,1600,B,a4,r3,g4,t14,0,-38,-3,47,4,0,0,0,2,-1,-4,1,0,0,0,0,0,0,0,FALSE,FALSE,FALSE,FALSE,FALSE,ts,102,-0.25,0.06,-3.5,-3.25,-3.56,-0.34,12,23.51,47.7,24.46,48.65,0,120,79
L2,7,B,1600,B,a4,r3,g4,t14,0,-38,-6,47,4,0,0,0,0,L2,7,B,1600,B,a4,r3,g4,t14,0,-38,-6,47,4,0,0,0,0,0,0,5,0,0,0,0,0,0,0,FALSE,FALSE,FALSE,FALSE,FALSE,gs,134,-2.25,-12.75,-60,-57.75,-47.25,-15.4,12,40.24,66.08,41.09,66.93,0,120,6.5
L1,5,B,1600,B,g1,r14,g1,t1,0,-22,1,6.6,8,1,0,0,0,L1,5,B,1600,B,g1,r14,g1,t1,0,-22,1,6.6,8,1,0,0,0,0,0,5,0,0,0,0,0,0,0,FALSE,FALSE,FALSE,FALSE,FALSE,ts,81,-0.5,-0.5,-11.75,-11.25,-11.25,-0.81,12,24.71,49.13,25.25,49.67,0,118,4.1
L2,5,B,1600,B,g1,r14,g1,t1,0,-22,-2,6.6,8,1,0,0,0,L2,5,B,1600,B,g1,r14,g1,t1,0,-22,-2,6.6,8,1,0,0,0,0,0,5,0,0,0,0,0,0,0,FALSE,FALSE,FALSE,FALSE,FALSE,ts,92,-3,-1.75,-0.5,2.5,1.25,0.29,1,22.94,46.84,23.56,47.46,4.4,118,11
L3,5,B,1600,B,g1,r14,g1,t1,0,-22,2,6.6,8,1,0,0,-2,L3,5,B,1600,B,g1,r14,g1,t1,0,-22,2,6.6,8,1,0,0,-2,1,-2,3,0,0,0,0,0,0,0,FALSE,FALSE,FALSE,FALSE,FALSE,tc,116,-1.25,-1.25,-1.75,-0.5,-0.5,-0.34,6,24.04,48.31,24.66,48.93,4.4,118,11
,,,,,,,,,,,,,,,,,,L2,5,A,1800,C+3,g1,r13,g1,t2,0,0,10,4.2,11,0,0,0,-1,-3,6,9,0,0,0,0,0,0,0,FALSE,FALSE,FALSE,FALSE,FALSE,ts,80,-6.75,-5.75,-2,4.75,3.75,0.52,1,23.65,47.3,23.33,46.98,0,133,6
,,,,,,,,,,,,,,,,,,L1,5,A,1800,C+3,g1,r13,g1,t2,0,0,0,4.2,11,0,0,0,0,2,5,9,0,0,0,0,0,0,0,FALSE,FALSE,FALSE,FALSE,FALSE,dd,3,-4.5,-4.25,-2,2.5,2.25,1.01,2,22.85,46.71,22.85,46.71,0,133,8.7
,,,,,,,,,,,,,,,,,,L3,5,A,1800,C+3,g1,r13,g1,t2,0,0,1,4.2,11,0,0,0,0,0,0,5,0,0,0,0,0,0,0,FALSE,FALSE,FALSE,FALSE,FALSE,dd,119,-6.25,-5.75,-5.75,0.5,0,-0.74,4,25.07,49.44,25.13,49.5,9.8,133,14
,,,,,,,,,,,,,,,,,,L2,5,A,1800,C+3,g4,r30,g5,t21,-1,13,19,6.6,2,0,0,0,0,0,0,5,0,4,0,23.1,0,0,0,FALSE,TRUE,FALSE,FALSE,FALSE,tc,105,-2.75,-4.25,-3.5,-0.75,0.75,0.36,8,24.52,48.82,24.32,48.62,27.4,131,34
,,,,,,,,,,,,,,,,,,L3,5,A,1800,C+3,g4,r30,g5,t21,-1,13,10,6.6,2,0,0,0,0,0,0,5,0,4,0,23.1,0,0,0,FALSE,TRUE,FALSE,FALSE,FALSE,tc,126,-3.5,-6,-7,-3.5,-1,-0.14,9,25.24,49.8,24.9,49.46,55.4,131,62
,,,,,,,,,,,,,,,,,,L1,5,A,1800,C+3,g4,r30,g5,t21,0,13,-2,6.6,2,0,0,0,1,1,-3,1,0,4,0,23.1,0,0,0,FALSE,TRUE,FALSE,FALSE,FALSE,ts,80,1.75,1,-2.25,-4,-3.25,-0.31,9,24.34,48.15,24.08,47.89,5.4,131,12
,,,,,,,,,,,,,,,,,,L1,5,A,1800,C+3,a1,r2,g3,t10,0,9,-12,9.5,3,1,0,0,0,-1,-2,1,0,0,0,0,0,22.5,0,FALSE,FALSE,FALSE,TRUE,FALSE,zc,17,0.75,-0.06,-1.25,-2,-1.19,-0.47,10,23.75,47.09,23.57,46.91,0,121,7.2
,,,,,,,,,,,,,,,,,,L3,5,A,1800,C+3,a1,r2,g3,t10,0,9,-11,9.5,3,1,0,0,0,0,-3,1,0,0,0,0,0,22.5,0,FALSE,FALSE,FALSE,TRUE,FALSE,zc,115,0.75,0.75,-0.5,-1.25,-1.25,-0.81,9,24.08,47.39,23.9,47.21,6.5,121,16
,,,,,,,,,,,,,,,,,,L2,5,A,1800,C+3,a1,r2,g3,t10,0,9,-11,9.5,3,1,0,0,-1,-4,-7,3,0,0,0,0,0,22.5,0,FALSE,FALSE,FALSE,TRUE,FALSE,zc,101,-1.75,-4,-24.5,-22.75,-20.5,-3.08,14,26.81,50.54,26.59,50.32,0,121,8.7
,,,,,,,,,,,,,,,,,,L1,5,A,1800,C+3,a4,r9,g5,t22,0,0,-9,10,7,0,0,0,0,-2,-3,1,0,0,0,0,0,22.9,0,FALSE,FALSE,FALSE,TRUE,FALSE,zc,7,1.5,-2.25,-5,-6.5,-2.75,-0.07,12,24.37,48.85,24.37,48.85,13,120,23
,,,,,,,,,,,,,,,,,,L3,5,A,1800,C+3,a4,r9,g5,t22,0,0,-10,10,7,0,0,0,0,-5,6,7,0,0,0,0,0,22.9,0,FALSE,FALSE,FALSE,TRUE,FALSE,zc,101,-4.5,-5,-6.25,-1.75,-1.25,-0.29,3,23.52,46.97,23.54,46.99,0,120,19
,,,,,,,,,,,,,,,,,,L2,5,A,1800,C+3,a4,r9,g5,t22,0,0,1,10,7,0,0,0,0,0,0,5,0,0,0,0,0,22.9,0,FALSE,FALSE,FALSE,TRUE,FALSE,tc,70,-0.75,-1.5,-1.25,-0.5,0.25,1.2,8,24.17,49.36,24.01,49.2,0,120,10
,,,,,,,,,,,,,,,,,,L1,6,A,1800,C+3,g1,r14,g5,t21,0,5,-3,7.4,10,1,0,0,3,1,-1,9,0,0,0,0,0,0,0,FALSE,FALSE,FALSE,FALSE,FALSE,zc,17,-5,-4.5,-3.75,1.25,0.75,-0.23,5,23.53,46.79,23.43,46.69,7.6,127,15
,,,,,,,,,,,,,,,,,,L2,6,A,1800,C+3,g1,r14,g5,t21,0,5,-5,7.4,10,1,0,0,-1,-2,4,11,0,0,0,0,0,0,0,FALSE,FALSE,FALSE,FALSE,FALSE,ts,80,-6,-7.5,-7.5,-1.5,0,0.31,8,23.86,47.91,23.64,47.69,0,127,5.4
,,,,,,,,,,,,,,,,,,L3,6,A,1800,C+3,g1,r14,g5,t21,0,5,1,7.4,10,1,0,0,0,0,0,5,0,0,0,0,0,0,0,FALSE,FALSE,FALSE,FALSE,FALSE,dd,108,-5.25,-4,-6.75,-1.5,-2.75,-0.45,10,24.98,49.21,24.7,48.93,29.6,127,37
,,,,,,,,,,,,,,,,,,L3,6,A,1800,C+3,g3,r24,g4,t16,0,7,0,16,8,1,0,0,0,0,0,5,0,0,0,0,0,22.5,0,FALSE,FALSE,FALSE,TRUE,FALSE,dd,108,-6.5,-4.25,-3.5,3,0.75,-0.06,2,24.39,48.46,24.13,48.2,0,127,7.5
,,,,,,,,,,,,,,,,,,L2,6,A,1800,C+3,g3,r24,g4,t16,0,7,1,16,8,1,0,0,3,-1,3,7,0,0,0,0,0,22.5,0,FALSE,FALSE,FALSE,TRUE,FALSE,ts,80,-6.75,-3.75,-0.12,6.63,3.63,0.15,2,23.22,46.55,23.2,46.53,0,127,7
,,,,,,,,,,,,,,,,,,L1,6,A,1800,C+3,g3,r24,g4,t16,0,7,-2,16,8,1,0,0,-1,0,1,11,0,0,0,0,0,22.5,0,FALSE,FALSE,FALSE,TRUE,FALSE,zc,17,-6.5,-6.5,-5.5,1,1,-0.11,4,23.55,46.89,23.41,46.75,0,127,6
,,,,,,,,,,,,,,,,,,L1,6,A,1800,C+3,g1,r15,g3,t13,0,-16,-1,19,4,1,0,0,0,2,-1,11,0,0,0,0,0,22.7,0,FALSE,FALSE,FALSE,TRUE,FALSE,zc,10,-8.25,-4.5,-6.5,1.75,-2,-0.76,10,23.47,46.52,23.79,46.84,60,126,79
,,,,,,,,,,,,,,,,,,L2,6,A,1800,C+3,g1,r15,g3,t13,0,-16,-3,19,4,1,0,0,0,-1,-5,5,0,0,0,0,0,22.7,0,FALSE,FALSE,FALSE,TRUE,FALSE,zc,77,-3,-4.25,-8.25,-5.25,-4,0.21,10,23.71,48.47,24.49,49.25,0,126,17
,,,,,,,,,,,,,,,,,,L3,6,A,1800,C+3,g1,r15,g3,t13,0,-16,-6,19,4,1,0,0,-1,-2,-4,5,0,0,0,0,0,22.7,0,FALSE,FALSE,FALSE,TRUE,FALSE,zc,105,-3,-3.25,-8,-5,-4.75,-0.23,11,24.36,49.19,24.94,49.77,0,126,7.3
,,,,,,,,,,,,,,,,,,L1,5,A,1800,C+3,a4,r12,g5,t18,0,7,-3,36,5,0,0,0,0,0,0,5,0,0,0,0,0,0,0,FALSE,FALSE,FALSE,FALSE,FALSE,tc,70,-6,-4.75,-3.5,2.5,1.25,1.41,3,23.66,48.65,23.52,48.51,84,124,120
,,,,,,,,,,,,,,,,,,L3,5,A,1800,C+3,a4,r12,g5,t18,-1,7,8,36,5,0,0,0,-2,-2,2,11,0,0,0,0,0,0,0,FALSE,FALSE,FALSE,FALSE,FALSE,zc,178,-8.25,-7.5,-6.5,1.75,1,-0.58,6,24.15,47.2,23.79,46.84,350,124,386
,,,,,,,,,,,,,,,,,,L2,5,A,1800,C+3,a4,r12,g5,t18,0,7,-4,36,5,0,0,0,-2,-2,2,11,0,0,0,0,0,0,0,FALSE,FALSE,FALSE,FALSE,FALSE,zc,101,-7.75,-6.5,-16.5,-8.75,-10,-1.93,11,25.02,48.19,25.02,48.19,0,124,68
,,,,,,,,,,,,,,,,,,L3,6,A,1800,C+3,a3,r5,g5,t21,0,6,-5,48,6,0,0,0,0,0,8,11,0,0,0,0,0,0,0,FALSE,FALSE,FALSE,FALSE,FALSE,zc,137,-11.5,-7,-3.75,7.75,3.25,0.98,1,23.11,47.04,22.85,46.78,62,123,110
,,,,,,,,,,,,,,,,,,L1,6,A,1800,C+3,a3,r5,g5,t21,0,6,-2,48,6,0,0,0,-1,1,1,11,0,0,0,0,0,0,0,FALSE,FALSE,FALSE,FALSE,FALSE,zc,7,-6.5,-6.75,-6.25,0.25,0.5,0.12,5,24.12,48.28,24,48.16,0,123,49
,,,,,,,,,,,,,,,,,,L2,6,A,1800,C+3,a3,r5,g5,t21,0,6,4,48,6,0,0,0,0,0,3,11,0,0,0,0,0,0,0,FALSE,FALSE,FALSE,FALSE,FALSE,ts,129,-7.25,-9,-7,0.25,2,-0.3,3,23.89,47.1,23.59,46.8,0,123,6.7
,,,,,,,,,,,,,,,,,,L3,5,A,1800,C+3,g2,r16,g2,t6,0,2,-5,3.4,9,0,0,0,0,0,0,5,0,0,0,0,0,0,0,FALSE,FALSE,TRUE,FALSE,FALSE,dd,119,-4.75,-3.75,-4.75,0,-1,-0.96,6,24.97,49.26,25.15,49.44,0,115,5.3
,,,,,,,,,,,,,,,,,,L1,5,A,1800,C+3,g2,r16,g2,t6,0,2,1,3.4,9,0,0,0,0,-1,7,9,0,0,0,0,0,0,0,FALSE,FALSE,TRUE,FALSE,FALSE,zc,7,-5.25,-5.5,-1,4.25,4.5,0.76,1,23.46,47.62,23.42,47.58,0,115,4.6
,,,,,,,,,,,,,,,,,,L2,5,A,1800,C+3,g2,r16,g2,t6,0,2,-3,3.4,9,0,0,0,-2,1,2,7,0,0,0,0,0,0,0,FALSE,FALSE,TRUE,FALSE,FALSE,zc,77,-4.5,-5.25,-3.75,0.75,1.5,1.01,2,23.49,48.17,23.61,48.29,0,115,4.4
,,,,,,,,,,,,,,,,,,L2,5,A,1800,C+3,a1,r1,g3,t12,0,22,-5,34,1,0,8,23.4,0,0,0,5,0,4,0,23.5,0,0,0,FALSE,TRUE,FALSE,FALSE,FALSE,dd,266,-3,-6.25,-22.25,-19.25,-16,-2.04,11,26.73,51.12,26.33,50.72,179,114,213
,,,,,,,,,,,,,,,,,,L3,5,A,1800,C+3,a1,r1,g3,t12,0,22,-14,34,1,0,8,23.4,0,0,0,5,0,4,0,23.5,0,0,0,FALSE,TRUE,FALSE,FALSE,FALSE,tc,301,-4,-6.5,-12,-8,-5.5,-1.08,12,25.59,50.08,25.29,49.78,0,114,72
,,,,,,,,,,,,,,,,,,L1,5,A,1800,C+3,a1,r1,g3,t12,0,22,-3,34,1,0,8,23.4,-1,0,3,11,0,4,0,23.5,0,0,0,FALSE,TRUE,FALSE,FALSE,FALSE,ts,129,-7,-6.5,-4.75,2.25,1.75,-0.71,4,23.94,46.79,23.5,46.35,164,114,198
,,,,,,,,,,,,,,,,,,L3,3,A,1650,C+3,g1,r14,g1,t1,0,-32,4,8.7,4,0,0,0,0,0,7,11,0,8,0,22.8,0,0,0,FALSE,TRUE,FALSE,FALSE,FALSE,tc,133,-7,-6.75,-2.25,4.75,4.5,1.4,1,23.23,47.93,23.4,48.1,0,132,6.6
,,,,,,,,,,,,,,,,,,L1,3,A,1650,C+3,g1,r14,g1,t1,0,-32,6,8.7,4,0,0,0,0,-1,1,9,0,8,0,22.8,0,0,0,FALSE,TRUE,FALSE,FALSE,FALSE,zc,84,-4.5,-3.25,-4.5,0,-1.25,0.64,8,22.38,46.05,23.18,46.85,0,132,6
,,,,,,,,,,,,,,,,,,L2,3,A,1650,C+3,g1,r14,g1,t1,0,-32,6,8.7,4,0,0,0,-1,-1,6,9,0,8,0,22.8,0,0,0,FALSE,TRUE,FALSE,FALSE,FALSE,tc,105,-4.75,-4.25,-2.5,2.25,1.75,0.37,1,22.82,46.31,23.27,46.76,0,132,8.2
,,,,,,,,,,,,,,,,,,L2,4,A,1650,C+3,a1,r1,g2,t9,0,-5,5,5.7,2,0,0,0,0,-1,-3,5,0,0,0,0,0,22.7,0,FALSE,FALSE,FALSE,TRUE,FALSE,zc,94,-5.25,-1.75,-2.75,2.5,-1,-0.34,8,23.42,46.2,23.24,46.02,0,131,9.8
,,,,,,,,,,,,,,,,,,L3,4,A,1650,C+3,a1,r1,g2,t9,0,-5,8,5.7,2,0,0,0,0,0,1,1,0,0,0,0,0,22.7,0,FALSE,FALSE,FALSE,TRUE,FALSE,tc,140,-1.5,-1.25,0.06,1.56,1.31,0.85,8,24.35,48.63,23.63,47.91,0,131,5.5
,,,,,,,,,,,,,,,,,,L1,4,A,1650,C+3,a1,r1,g2,t9,0,-5,3,5.7,2,0,0,0,0,-1,1,3,0,0,0,0,0,22.7,0,FALSE,FALSE,FALSE,TRUE,FALSE,tc,14,-1.5,-2.5,-2,-0.5,0.5,1.01,5,23.3,47.66,23.42,47.78,0,131,8.5
,,,,,,,,,,,,,,,,,,L3,7,A,1650,C+3,g3,r24,g3,t12,0,-9,-1,4.7,1,0,0,0,0,0,6,9,0,0,0,0,0,22.9,0,FALSE,FALSE,FALSE,TRUE,FALSE,tc,112,-7.75,-5.25,-1,6.75,4.25,0.31,1,23.6,47.44,23.51,47.35,27.3,127,32
,,,,,,,,,,,,,,,,,,L2,7,A,1650,C+3,g3,r24,g3,t12,0,-9,4,4.7,1,0,0,0,0,0,5,9,0,0,0,0,0,22.9,0,FALSE,FALSE,FALSE,TRUE,FALSE,dd,88,-8,-8.75,-6.5,1.5,2.25,0.71,3,23.14,46.57,22.82,46.25,17.3,127,22
,,,,,,,,,,,,,,,,,,L1,7,A,1650,C+3,g3,r24,g3,t12,0,-9,7,4.7,1,0,0,0,-1,-1,6,9,0,0,0,0,0,22.9,0,FALSE,FALSE,FALSE,TRUE,FALSE,tc,14,-6.75,-6.75,-3.25,3.5,3.5,1.37,1,22.78,46.98,23,47.2,21.3,127,26
,,,,,,,,,,,,,,,,,,L1,6,A,1650,C+3,g1,r15,g2,t6,0,-4,2,6.4,9,1,0,0,0,5,3,9,0,6,0,22.8,0,0,0,FALSE,TRUE,FALSE,FALSE,FALSE,tc,112,-8,-3,-0.75,7.25,2.25,-0.44,6,23.83,47.27,23.93,47.37,3.6,125,10
,,,,,,,,,,,,,,,,,,L3,6,A,1650,C+3,g1,r15,g2,t6,0,-4,-1,6.4,9,1,0,0,0,0,7,9,0,6,0,22.8,0,0,0,FALSE,TRUE,FALSE,FALSE,FALSE,tc,168,-5.25,-4.75,-1.25,4,3.5,0.94,3,23.1,47.14,23.08,47.12,0,125,6.2
,,,,,,,,,,,,,,,,,,L2,6,A,1650,C+3,g1,r15,g2,t6,0,-4,2,6.4,9,1,0,0,0,0,2,5,0,6,0,22.8,0,0,0,FALSE,TRUE,FALSE,FALSE,FALSE,tc,147,-3.5,-2.25,-1.25,2.25,1,1.15,4,23.05,47.62,23.47,48.04,0,125,2.9
,,,,,,,,,,,,,,,,,,L2,6,A,1650,C+3,g2,r16,g2,t8,0,7,1,10,8,1,0,0,-1,1,-8,7,0,0,0,0,0,0,0,FALSE,FALSE,FALSE,FALSE,FALSE,ts,88,-6.25,-2.25,-6.75,-0.5,-4.5,-0.24,12,23.07,45.55,22.74,45.22,0,124,9.9
,,,,,,,,,,,,,,,,,,L3,6,A,1650,C+3,g2,r16,g2,t8,0,7,-3,10,8,1,0,0,-1,-1,5,9,0,0,0,0,0,0,0,FALSE,FALSE,FALSE,FALSE,FALSE,zc,108,-6.5,-7.5,-4.25,2.25,3.25,-0.37,4,24.27,48.1,24.13,47.96,0,124,15
,,,,,,,,,,,,,,,,,,L1,6,A,1650,C+3,g2,r16,g2,t8,0,7,-2,10,8,1,0,0,0,0,0,5,0,0,0,0,0,0,0,FALSE,FALSE,FALSE,FALSE,FALSE,ss,77,-1.75,-1.75,-2,-0.25,-0.25,1.56,3,23.88,49.2,23.71,49.03,0,124,9.3
,,,,,,,,,,,,,,,,,,L1,4,A,1650,C+3,g2,r17,g1,t3,0,-5,2,17,6,0,0,0,0,5,5,11,0,0,0,0,0,22.8,0,FALSE,FALSE,FALSE,TRUE,FALSE,gz,14,-7.25,-8.25,-4,3.25,4.25,-0.4,3,22.95,45.57,23.07,45.69,123,123,140
,,,,,,,,,,,,,,,,,,L2,4,A,1650,C+3,g2,r17,g1,t3,0,-5,0,17,6,0,0,0,0,0,0,5,0,0,0,0,0,22.8,0,FALSE,FALSE,FALSE,TRUE,FALSE,dd,0,0,0,0,0,0,0,0,0,0,0,0,0,123,0
,,,,,,,,,,,,,,,,,,L3,4,A,1650,C+3,g2,r17,g1,t3,0,-5,0,17,6,0,0,0,0,0,0,5,0,0,0,0,0,22.8,0,FALSE,FALSE,FALSE,TRUE,FALSE,dd,0,0,0,0,0,0,0,0,0,0,0,0,0,123,0
,,,,,,,,,,,,,,,,,,L3,4,A,1650,C+3,g1,r13,g1,t2,0,-8,1,11,11,1,0,0,0,4,4,11,0,0,0,0,0,0,0,FALSE,FALSE,FALSE,FALSE,FALSE,dd,101,-9.5,-9.25,-4.75,4.75,4.5,-0.68,3,22.49,44.37,22.58,44.46,46,122,57
,,,,,,,,,,,,,,,,,,L2,4,A,1650,C+3,g1,r13,g1,t2,0,-8,4,11,11,1,0,0,0,1,1,3,0,0,0,0,0,0,0,FALSE,FALSE,FALSE,FALSE,FALSE,dd,80,-1.5,-1.5,-0.25,1.25,1.25,0.1,2,22.59,45.23,22.64,45.28,0,122,18
,,,,,,,,,,,,,,,,,,L1,4,A,1650,C+3,g1,r13,g1,t2,0,-8,2,11,11,1,0,0,0,-2,-2,3,0,0,0,0,0,0,0,FALSE,FALSE,FALSE,FALSE,FALSE,dd,10,-1.25,-1.5,-4,-2.75,-2.5,-0.94,5,23.17,45.55,23.37,45.75,0,122,5.7
,,,,,,,,,,,,,,,,,,L1,4,A,1650,C+3,a3,r6,g2,t8,0,9,-4,19,5,0,0,0,0,0,0,5,0,0,0,0,0,0,0,FALSE,FALSE,FALSE,FALSE,FALSE,ss,77,-3,-3.5,-5.25,-2.25,-1.75,1.37,5,24.15,49.55,23.93,49.33,0,118,5.7
,,,,,,,,,,,,,,,,,,L2,4,A,1650,C+3,a3,r6,g2,t8,0,9,-1,19,5,0,0,0,-1,1,3,7,0,0,0,0,0,0,0,FALSE,FALSE,FALSE,FALSE,FALSE,tc,105,-3.25,-2.75,-1.5,1.75,1.25,0.3,3,23.26,46.75,23.17,46.66,0,118,12
,,,,,,,,,,,,,,,,,,L3,4,A,1650,C+3,a3,r6,g2,t8,0,9,-5,19,5,0,0,0,0,0,6,9,0,0,0,0,0,0,0,FALSE,FALSE,FALSE,FALSE,FALSE,tc,126,-6.75,-5.25,-3.25,3.5,2,0.91,1,23.51,47.56,23.02,47.07,0,118,11
,,,,,,,,,,,,,,,,,,L3,4,A,1650,C+3,a2,r4,g5,t22,1,24,-13,7.3,3,1,0,0,0,0,0,1,0,5,0,22.3,0,22.2,0,FALSE,TRUE,FALSE,TRUE,FALSE,tc,140,1.75,0.75,1.25,0.5,-0.5,0.24,4,23.45,47.49,23.48,47.52,0,119,3.8
,,,,,,,,,,,,,,,,,,L2,4,A,1650,C+3,a2,r4,g5,t22,0,24,0,7.3,3,1,0,0,0,0,-6,3,0,5,0,22.3,0,22.2,0,FALSE,TRUE,FALSE,TRUE,FALSE,tc,112,-2.75,-2.75,-3.75,-1,-1,-0.14,9,24.26,48.5,24.38,48.62,0,119,2.1
,,,,,,,,,,,,,,,,,,L1,4,A,1650,C+3,a2,r4,g5,t22,0,24,4,7.3,3,1,0,0,0,0,-7,1,0,5,0,22.3,0,22.2,0,FALSE,TRUE,FALSE,TRUE,FALSE,tc,91,1.5,1.25,-4.75,-6.25,-6,0.64,11,24.38,48.7,23.78,48.1,0,119,5.1
,,,,,,,,,,,,,,,,,,L2,6,A,1650,C+3,a4,r12,g5,t18,0,0,-2,12,7,0,0,0,0,0,0,7,0,0,0,0,0,22.2,0,FALSE,FALSE,FALSE,TRUE,FALSE,tz,84,-6.25,-4.5,-11,-4.75,-6.5,-2.51,6,24.26,45.79,23.99,45.52,37,119,49
,,,,,,,,,,,,,,,,,,L1,6,A,1650,C+3,a4,r12,g5,t18,0,0,2,12,7,0,0,0,-1,5,5,11,0,0,0,0,0,22.2,0,FALSE,FALSE,FALSE,TRUE,FALSE,gz,14,-4.5,-7,-2.25,2.25,4.75,-0.08,2,22.99,45.85,22.99,45.85,42,119,54
,,,,,,,,,,,,,,,,,,L3,6,A,1650,C+3,a4,r12,g5,t18,0,0,2,12,7,0,0,0,-1,0,5,7,0,0,0,0,0,22.2,0,FALSE,FALSE,FALSE,TRUE,FALSE,tc,238,-4,-3.5,-2,2,1.5,0.18,3,24.59,48.49,23.77,47.67,0,119,2.6
,,,,,,,,,,,,,,,,,,L2,5,A,1650,C+3,a3,r5,NULL,NULL,0,-25,-6,21,10,0,0,0,2,-3,-3,3,6,0,0,0,0,23.1,23.7,TRUE,FALSE,FALSE,TRUE,TRUE,tz,115,-2.25,-1.75,-3.75,-1.5,-2,-1.66,8,22.6,44.66,23.57,45.63,225,118,246
,,,,,,,,,,,,,,,,,,L1,5,A,1650,C+3,a3,r5,NULL,NULL,0,-25,-1,21,10,0,0,0,-1,1,-6,3,6,0,0,0,0,23.1,23.7,TRUE,FALSE,FALSE,TRUE,TRUE,zc,80,-2,-1.25,-6,-4,-4.75,-1.49,11,23.81,46.78,24.44,47.41,52,118,73
,,,,,,,,,,,,,,,,,,L3,5,A,1650,C+3,a3,r5,NULL,NULL,0,-25,-8,21,10,0,0,0,0,-4,-4,7,6,0,0,0,0,23.1,23.7,TRUE,FALSE,FALSE,TRUE,TRUE,gz,147,-4.25,-3.5,-15.75,-11.5,-12.25,-2.49,12,24.37,46.95,24.87,47.45,91,118,112
,,,,,,,,,,,,,,,,,,L3,7,A,1800,C+3,g2,r17,g3,t11,-1,7,15,15,11,1,6,22.9,0,0,0,5,0,0,0,0,0,22.7,0,FALSE,FALSE,FALSE,TRUE,FALSE,dd,101,-1.5,-1,-2.25,-0.75,-1.25,0.55,7,23.39,46.99,23.35,46.95,0,133,8.1
,,,,,,,,,,,,,,,,,,L1,7,A,1800,C+3,g2,r17,g3,t11,-1,7,17,15,11,1,6,22.9,1,-1,2,9,0,0,0,0,0,22.7,0,FALSE,FALSE,FALSE,TRUE,FALSE,zc,70,-4.75,-4.5,-3,1.75,1.5,0.59,4,23.33,46.77,23.19,46.63,0,133,8.2
,,,,,,,,,,,,,,,,,,L2,7,A,1800,C+3,g2,r17,g3,t11,-1,7,16,15,11,1,6,22.9,0,-1,2,5,0,0,0,0,0,22.7,0,FALSE,FALSE,FALSE,TRUE,FALSE,zc,84,-2.25,-2,-1.75,0.5,0.25,1.05,4,23.28,47.11,23.1,46.93,0,133,7.6
,,,,,,,,,,,,,,,,,,L3,6,A,1800,C+3,a4,r9,g2,t7,0,-10,-2,52,5,1,0,0,0,0,5,9,0,0,0,0,0,22.7,0,FALSE,FALSE,FALSE,TRUE,FALSE,zc,224,-6,-4.75,-2.75,3.25,2,0.58,2,22.93,46.16,22.61,45.84,0,125,10
,,,,,,,,,,,,,,,,,,L2,6,A,1800,C+3,a4,r9,g2,t7,0,-10,-1,52,5,1,0,0,0,2,3,5,0,0,0,0,0,22.7,0,FALSE,FALSE,FALSE,TRUE,FALSE,zc,196,-3.25,-2,1,4.25,3,0.18,3,23.96,48.1,23.94,48.08,0,125,4.1
,,,,,,,,,,,,,,,,,,L1,6,A,1800,C+3,a4,r9,g2,t7,0,-10,3,52,5,1,0,0,-2,0,1,11,0,0,0,0,0,22.7,0,FALSE,FALSE,FALSE,TRUE,FALSE,zc,17,-5,-4.75,-5.5,-0.5,-0.75,-0.27,9,23.32,46.51,23.52,46.71,0,125,18
,,,,,,,,,,,,,,,,,,L1,7,A,1800,C+3,g2,r16,g5,t21,0,2,-1,53,10,0,0,0,0,1,1,11,0,0,0,0,0,0,0,FALSE,FALSE,FALSE,FALSE,FALSE,zc,10,-10.5,-6.25,-7,3.5,-0.75,-0.26,6,23.05,45.82,23.01,45.78,0,129,44
,,,,,,,,,,,,,,,,,,L3,7,A,1800,C+3,g2,r16,g5,t21,0,2,10,53,10,0,0,0,0,1,7,9,0,0,0,0,0,0,0,FALSE,FALSE,FALSE,FALSE,FALSE,ts,115,-3.5,-3,0.5,4,3.5,0.45,1,22.92,46.19,23.02,46.29,0,129,22
,,,,,,,,,,,,,,,,,,L2,7,A,1800,C+3,g2,r16,g5,t21,0,2,5,53,10,0,0,0,-2,0,4,11,0,0,0,0,0,0,0,FALSE,FALSE,FALSE,FALSE,FALSE,ts,94,-5.5,-1.25,1,6.5,2.25,-0.23,2,23.98,47.53,23.88,47.43,0,129,6.7
,,,,,,,,,,,,,,,,,,L1,4,A,1800,C+3,a1,r2,g3,t10,0,-16,-11,8.5,12,0,12,22.7,0,1,-8,1,0,0,0,0,0,0,0,FALSE,FALSE,FALSE,FALSE,FALSE,zc,7,-0.5,0.06,-5.75,-5.25,-5.81,-0.26,9,24.09,48.46,24.41,48.78,0,119,8.7
,,,,,,,,,,,,,,,,,,L3,4,A,1800,C+3,a1,r2,g3,t10,0,-16,-11,8.5,12,0,12,22.7,0,0,0,5,0,0,0,0,0,0,0,FALSE,FALSE,FALSE,FALSE,FALSE,tc,126,-0.75,-1.5,-2.5,-1.75,-1,-0.77,10,24.73,48.89,24.71,48.87,0,119,9.1
,,,,,,,,,,,,,,,,,,L2,4,A,1800,C+3,a1,r2,g3,t10,0,-16,-9,8.5,12,0,12,22.7,-1,2,-1,3,0,0,0,0,0,0,0,FALSE,FALSE,FALSE,FALSE,FALSE,zc,91,-1.75,-1.5,-0.5,1.25,1,0.7,6,23.62,48.06,23.56,48,0,119,7.1
,,,,,,,,,,,,,,,,,,L3,5,A,1800,C+3,a1,r1,g2,t5,0,18,3,7.1,1,0,0,0,0,0,0,5,0,0,0,0,0,22.4,0,FALSE,FALSE,FALSE,TRUE,FALSE,tc,126,-4.5,-2.75,-0.5,4,2.25,-0.22,3,24.68,48.56,24.16,48.04,0,127,2.5
,,,,,,,,,,,,,,,,,,L2,5,A,1800,C+3,a1,r1,g2,t5,0,18,1,7.1,1,0,0,0,0,-1,1,5,0,0,0,0,0,22.4,0,FALSE,FALSE,FALSE,TRUE,FALSE,zc,77,-2.5,-2.5,-3.25,-0.75,-0.75,0.59,8,23.81,48.01,23.63,47.83,0,127,3.1
,,,,,,,,,,,,,,,,,,L1,5,A,1800,C+3,a1,r1,g2,t5,0,18,0,7.1,1,0,0,0,1,0,3,11,0,0,0,0,0,22.4,0,FALSE,FALSE,FALSE,TRUE,FALSE,zc,17,-4.5,-3.75,-3.5,1,0.25,-0.2,7,23.67,46.78,23.31,46.42,38.9,127,46
,,,,,,,,,,,,,,,,,,L3,4,A,1800,C+3,g1,r15,g1,t1,0,2,7,3.5,4,0,0,0,0,0,0,5,0,7,0,23,0,0,0,FALSE,TRUE,FALSE,FALSE,FALSE,dd,137,-4.25,-3.75,-2.25,2,1.5,0.35,3,24.05,48.23,23.97,48.15,71.5,121,75
,,,,,,,,,,,,,,,,,,L2,4,A,1800,C+3,g1,r15,g1,t1,0,2,4,3.5,4,0,0,0,0,0,0,5,0,7,0,23,0,0,0,FALSE,TRUE,FALSE,FALSE,FALSE,tc,105,-4.5,-5,-3,1.5,2,0.4,5,24.06,48.2,23.82,47.96,0,121,4.1
,,,,,,,,,,,,,,,,,,L1,4,A,1800,C+3,g1,r15,g1,t1,0,2,0,3.5,4,0,0,0,0,0,0,5,0,7,0,23,0,0,0,FALSE,TRUE,FALSE,FALSE,FALSE,dd,84,-1.75,-0.5,-0.5,1.25,0,0.17,2,23.77,47.67,23.73,47.63,0,121,5.1
,,,,,,,,,,,,,,,,,,L3,8,A,1800,C+3,g3,r24,g3,t12,0,-1,-4,35,8,0,0,0,0,0,0,5,0,0,0,0,0,0,0,FALSE,FALSE,FALSE,FALSE,FALSE,tc,126,-3,-2.25,-0.5,2.5,1.75,-0.22,5,24.26,48.3,24.18,48.22,0,121,12
,,,,,,,,,,,,,,,,,,L2,8,A,1800,C+3,g3,r24,g3,t12,0,-1,-4,35,8,0,0,0,0,0,0,5,0,0,0,0,0,0,0,FALSE,FALSE,FALSE,FALSE,FALSE,tc,105,-9.75,-9.25,-7.25,2.5,2,0.23,6,23.69,47.67,23.67,47.65,0,121,12
,,,,,,,,,,,,,,,,,,L1,8,A,1800,C+3,g3,r24,g3,t12,0,-1,-2,35,8,0,0,0,1,-1,1,11,0,0,0,0,0,0,0,FALSE,FALSE,FALSE,FALSE,FALSE,zc,91,-6.5,-7,-8.75,-2.25,-1.75,0.39,9,24.11,48.67,24.13,48.69,0,121,31
,,,,,,,,,,,,,,,,,,L1,8,A,1800,C+3,g1,r13,g1,t2,0,-5,-9,4.8,7,0,0,0,0,0,0,5,0,0,0,0,0,22.7,0,FALSE,FALSE,FALSE,TRUE,FALSE,dd,84,-2.25,-2.5,-8,-5.75,-5.5,-0.53,9,24.39,48.53,24.49,48.63,6.2,120,11
,,,,,,,,,,,,,,,,,,L3,8,A,1800,C+3,g1,r13,g1,t2,0,-5,-8,4.8,7,0,0,0,0,0,0,5,0,0,0,0,0,22.7,0,FALSE,FALSE,FALSE,TRUE,FALSE,dd,157,-6.25,-6,-14,-7.75,-8,-0.6,13,24.4,48.68,24.72,49,0,120,8.3
,,,,,,,,,,,,,,,,,,L2,8,A,1800,C+3,g1,r13,g1,t2,0,-5,-7,4.8,7,0,0,0,0,0,0,5,0,0,0,0,0,22.7,0,FALSE,FALSE,FALSE,TRUE,FALSE,tc,126,-6,-4.5,-1.75,4.25,2.75,-0.18,3,23.66,47.58,23.96,47.88,8.2,120,13
,,,,,,,,,,,,,,,,,,L1,7,A,1800,C+3,a2,r7,g5,t19,0,16,-3,66,3,1,0,0,3,-1,-1,11,0,0,0,0,0,22.7,0,FALSE,FALSE,FALSE,TRUE,FALSE,zc,14,-6,-5.25,-13,-7,-7.75,-0.27,11,24.44,48.35,24.12,48.03,0,119,74
,,,,,,,,,,,,,,,,,,L3,7,A,1800,C+3,a2,r7,g5,t19,0,16,-9,66,3,1,0,0,0,1,3,11,0,0,0,0,0,22.7,0,FALSE,FALSE,FALSE,TRUE,FALSE,zc,112,-9.5,-5.75,-4.5,5,1.25,0.19,3,24.38,48.41,23.66,47.69,0,119,39
,,,,,,,,,,,,,,,,,,L2,7,A,1800,C+3,a2,r7,g5,t19,0,16,-5,66,3,1,0,0,0,1,0,9,0,0,0,0,0,22.7,0,FALSE,FALSE,FALSE,TRUE,FALSE,zc,77,-6.5,-5.75,-5.25,1.25,0.5,0.68,6,24.04,48.12,23.3,47.38,0,119,43
,,,,,,,,,,,,,,,,,,L3,5,A,1800,C+3,g1,r14,g5,t18,0,5,-5,5.8,6,1,0,0,0,0,3,9,0,0,0,0,0,23.1,0,FALSE,FALSE,FALSE,TRUE,FALSE,zc,91,-5.25,-4,-1.75,3.5,2.25,0.73,4,23.87,48.15,23.45,47.73,0,117,8.5
,,,,,,,,,,,,,,,,,,L2,5,A,1800,C+3,g1,r14,g5,t18,0,5,-3,5.8,6,1,0,0,-1,0,5,9,0,0,0,0,0,23.1,0,FALSE,FALSE,FALSE,TRUE,FALSE,zc,70,-7.25,-6.25,-1.75,5.5,4.5,0.78,2,23.97,48.4,23.59,48.02,0,117,6.3
,,,,,,,,,,,,,,,,,,L1,5,A,1800,C+3,g1,r14,g5,t18,0,5,-3,5.8,6,1,0,0,0,1,1,9,0,0,0,0,0,23.1,0,FALSE,FALSE,FALSE,TRUE,FALSE,zc,7,-6.75,-4.25,-4,2.75,0.25,0.38,6,23.71,47.76,23.61,47.66,0,117,6.2
,,,,,,,,,,,,,,,,,,L3,6,A,1800,C+3,a3,r6,g4,t14,1,4,-16,7.9,2,1,0,0,0,1,8,11,0,0,0,0,0,22.7,0,FALSE,FALSE,FALSE,TRUE,FALSE,zc,101,-7.5,-4.75,-1.25,6.25,3.5,-0.03,1,22.62,45.55,22.64,45.57,0,113,4.6
,,,,,,,,,,,,,,,,,,L2,6,A,1800,C+3,a3,r6,g4,t14,1,4,-17,7.9,2,1,0,0,0,0,0,5,0,0,0,0,0,22.7,0,FALSE,FALSE,FALSE,TRUE,FALSE,tc,70,-7,-4.25,-0.12,6.88,4.13,1.61,2,22.56,47.31,22.8,47.55,0,113,3.7
,,,,,,,,,,,,,,,,,,L1,6,A,1800,C+3,a3,r6,g4,t14,1,4,-17,7.9,2,1,0,0,0,1,5,7,0,0,0,0,0,22.7,0,FALSE,FALSE,FALSE,TRUE,FALSE,zc,10,-9.25,-5.75,0.25,9.5,6,-0.97,3,23.27,45.83,23.19,45.75,0,113,3.6
,,,,,,,,,,,,,,,,,,L3,5,A,1800,C+3,a4,r12,g2,t9,0,-11,-3,48,9,0,0,0,-1,-1,-3,3,0,0,0,0,0,22.8,0,FALSE,FALSE,FALSE,TRUE,FALSE,ts,248,-2,-3,-2.25,-0.25,0.75,-0.22,6,24.49,48.5,24.17,48.18,0,114,23
,,,,,,,,,,,,,,,,,,L2,5,A,1800,C+3,a4,r12,g2,t9,0,-11,-3,48,9,0,0,0,0,0,0,5,0,0,0,0,0,22.8,0,FALSE,FALSE,FALSE,TRUE,FALSE,tc,224,-1.75,-1.5,-2.75,-1,-1.25,-0.36,4,24.27,47.94,23.97,47.64,0,114,24
,,,,,,,,,,,,,,,,,,L1,5,A,1800,C+3,a4,r12,g2,t9,0,-11,-1,48,9,0,0,0,-4,-1,1,11,0,0,0,0,0,22.8,0,FALSE,FALSE,FALSE,TRUE,FALSE,zc,10,-7.25,-6.25,-9.75,-2.5,-3.5,-0.19,12,23.24,46.53,23.46,46.75,0,114,98
,,,,,,,,,,,,,,,,,,L3,6,A,1650,C+3,g2,r17,g5,t20,-1,6,22,21,10,1,0,0,-1,-1,-3,9,0,0,0,0,0,0,0,FALSE,FALSE,FALSE,FALSE,FALSE,zc,178,-5.25,-4,-9.5,-4.25,-5.5,-1.41,14,25.19,48.72,25.49,49.02,170,133,191
,,,,,,,,,,,,,,,,,,L2,6,A,1650,C+3,g2,r17,g5,t20,0,6,0,21,10,1,0,0,1,0,4,9,0,0,0,0,0,0,0,FALSE,FALSE,FALSE,FALSE,FALSE,tc,112,-4.5,-5,-1.75,2.75,3.25,0.59,2,23.59,47.82,23.64,47.87,0,133,20
,,,,,,,,,,,,,,,,,,L1,6,A,1650,C+3,g2,r17,g5,t20,0,6,0,21,10,1,0,0,-1,1,3,11,0,0,0,0,0,0,0,FALSE,FALSE,FALSE,FALSE,FALSE,tc,14,-8,-5.75,-5.75,2.25,0,0.73,3,23.09,46.76,22.94,46.61,0,133,27
,,,,,,,,,,,,,,,,,,L2,8,A,1650,C+3,g1,r15,g3,t12,-1,1,22,10,8,1,0,0,0,0,-6,1,0,0,0,0,0,0,0,FALSE,FALSE,FALSE,TRUE,FALSE,tc,112,1,1,-2.25,-3.25,-3.25,-0.32,10,25.18,49.42,25.11,49.35,18,132,28
,,,,,,,,,,,,,,,,,,L1,8,A,1650,C+3,g1,r15,g3,t12,0,1,4,10,8,1,0,0,0,0,-4,1,0,0,0,0,0,0,0,FALSE,FALSE,FALSE,TRUE,FALSE,tc,77,1.25,1.5,-3.75,-5,-5.25,0.11,12,24.21,48.41,24.19,48.39,0,132,12
,,,,,,,,,,,,,,,,,,L3,8,A,1650,C+3,g1,r15,g3,t12,-1,1,19,10,8,1,0,0,0,0,-3,1,0,0,0,0,0,0,0,FALSE,FALSE,FALSE,TRUE,FALSE,tc,133,1.25,2,-2,-3.25,-4,0.4,9,24.99,49.73,24.81,49.55,0,132,18
,,,,,,,,,,,,,,,,,,L2,5,A,1650,C+3,g1,r14,g3,t13,0,5,13,7.1,4,1,0,0,0,0,5,5,0,7,0,22.3,0,0,0,FALSE,TRUE,FALSE,FALSE,FALSE,tc,112,-6.25,-3,0.12,6.37,3.12,0.56,2,23.9,48.01,23.87,47.98,5.9,131,13
,,,,,,,,,,,,,,,,,,L1,5,A,1650,C+3,g1,r14,g3,t13,0,5,10,7.1,4,1,0,0,0,1,3,5,0,7,0,22.3,0,0,0,FALSE,TRUE,FALSE,FALSE,FALSE,tc,77,-2.75,-2.25,1.25,4,3.5,0.99,1,23.5,47.62,23.38,47.5,0,131,5.5
,,,,,,,,,,,,,,,,,,L3,5,A,1650,C+3,g1,r14,g3,t13,0,5,10,7.1,4,1,0,0,0,-2,-7,3,0,7,0,22.3,0,0,0,FALSE,TRUE,FALSE,FALSE,FALSE,tc,182,-0.25,-3.5,-20.25,-20,-16.75,-3.28,11,28,51.87,27.4,51.27,0,131,5.7
,,,,,,,,,,,,,,,,,,L2,6,A,1650,C+3,a1,r1,g2,t5,0,9,3,5.5,6,0,0,0,-1,1,3,5,0,0,0,0,0,23.9,0,FALSE,FALSE,FALSE,TRUE,FALSE,tc,70,-4.5,-3.75,-1,3.5,2.75,0.55,4,24.04,48.51,23.99,48.46,0,128,3.9
,,,,,,,,,,,,,,,,,,L1,6,A,1650,C+3,a1,r1,g2,t5,0,9,2,5.5,6,0,0,0,0,0,0,3,0,0,0,0,0,23.9,0,FALSE,FALSE,FALSE,TRUE,FALSE,tc,14,-2,-2,-4.25,-2.25,-2.25,0.75,7,23.55,47.58,23.33,47.36,0,128,4.7
,,,,,,,,,,,,,,,,,,L3,6,A,1650,C+3,a1,r1,g2,t5,0,9,7,5.5,6,0,0,0,-1,0,3,5,0,0,0,0,0,23.9,0,FALSE,FALSE,FALSE,TRUE,FALSE,tc,91,-2.5,-3,-0.01,2.49,2.99,1.14,3,23.97,48.53,23.59,48.15,0,128,6
,,,,,,,,,,,,,,,,,,L2,7,A,1650,C+3,g2,r16,g5,t18,0,17,3,62,12,0,0,0,0,0,5,9,0,0,0,0,0,23,0,FALSE,FALSE,FALSE,TRUE,FALSE,tc,133,-9.5,-7.5,-2.75,6.75,4.75,0.92,3,24.66,49.04,23.53,47.91,0,125,12
,,,,,,,,,,,,,,,,,,L1,7,A,1650,C+3,g2,r16,g5,t18,0,17,2,62,12,0,0,0,0,0,2,7,0,0,0,0,0,23,0,FALSE,FALSE,FALSE,TRUE,FALSE,tc,14,-5.25,-4.5,-4.75,0.5,-0.25,0.92,4,23.46,47.37,23.04,46.95,0,125,17
,,,,,,,,,,,,,,,,,,L3,7,A,1650,C+3,g2,r16,g5,t18,0,17,7,62,12,0,0,0,-1,2,3,5,0,0,0,0,0,23,0,FALSE,FALSE,FALSE,TRUE,FALSE,tc,154,-4,-2.5,0.12,4.12,2.62,-0.21,3,24.93,48.4,23.85,47.32,0,125,4.2
,,,,,,,,,,,,,,,,,,L3,4,A,1650,C+3,g2,r18,g1,t1,0,-3,0,102,11,0,0,0,0,0,0,5,0,0,0,0,0,22.9,0,FALSE,FALSE,FALSE,TRUE,FALSE,dd,0,0,0,0,0,0,0,0,0,0,0,0,0,125,0
,,,,,,,,,,,,,,,,,,L2,4,A,1650,C+3,g2,r18,g1,t1,0,-3,-1,102,11,0,0,0,3,-5,-5,5,0,0,0,0,0,22.9,0,FALSE,FALSE,FALSE,TRUE,FALSE,gz,77,-2.5,-2.5,-4.75,-2.25,-2.25,-2.34,10,25.08,47.45,24.69,47.06,0,125,12
,,,,,,,,,,,,,,,,,,L1,4,A,1650,C+3,g2,r18,g1,t1,0,-3,1,102,11,0,0,0,-3,0,0,11,0,0,0,0,0,22.9,0,FALSE,FALSE,FALSE,TRUE,FALSE,tz,17,-2,-4.5,-7,-5,-2.5,-1.95,10,22.8,43.7,22.87,43.77,0,125,65
,,,,,,,,,,,,,,,,,,L2,5,A,1650,C+3,g3,r24,g2,t6,0,11,-1,35,5,0,0,0,0,0,-2,7,0,2,0,0,0,0,0,FALSE,TRUE,FALSE,FALSE,FALSE,tc,112,-3.75,-4.25,-3.25,0.5,1,0.19,7,24.11,48.34,24.02,48.25,0,124,6.5
,,,,,,,,,,,,,,,,,,L3,5,A,1650,C+3,g3,r24,g2,t6,0,11,-1,35,5,0,0,0,0,0,1,5,0,2,0,0,0,0,0,FALSE,TRUE,FALSE,FALSE,FALSE,tc,126,-5,-4.75,-4.25,0.75,0.5,0.2,6,23.61,47.3,23.47,47.16,0,124,9
,,,,,,,,,,,,,,,,,,L1,5,A,1650,C+3,g3,r24,g2,t6,0,11,9,35,5,0,0,0,-1,0,-4,3,0,2,0,0,0,0,0,FALSE,TRUE,FALSE,FALSE,FALSE,tc,77,-1.5,-1.5,-5,-3.5,-3.5,0.15,11,24.55,48.75,24.27,48.47,0,124,12
,,,,,,,,,,,,,,,,,,L2,6,A,1650,C+3,g4,r29,g4,t15,0,-4,6,5.2,7,1,0,0,0,0,0,11,0,0,0,0,0,22.7,0,FALSE,FALSE,FALSE,TRUE,FALSE,tc,126,-10.25,-11.25,-9.25,1,2,0.65,3,23.26,47.15,23.39,47.28,20.8,124,26
,,,,,,,,,,,,,,,,,,L3,6,A,1650,C+3,g4,r29,g4,t15,0,-4,6,5.2,7,1,0,0,-2,0,-2,3,0,0,0,0,0,22.7,0,FALSE,FALSE,FALSE,TRUE,FALSE,tc,161,-1.25,-1.5,-1.5,-0.25,0,1.28,6,23.83,48.89,23.93,48.99,17.8,124,23
,,,,,,,,,,,,,,,,,,L1,6,A,1650,C+3,g4,r29,g4,t15,0,-4,8,5.2,7,1,0,0,-1,1,0,1,0,0,0,0,0,22.7,0,FALSE,FALSE,FALSE,TRUE,FALSE,tc,14,-0.5,1,1.25,1.75,-0.25,1.02,2,23.03,46.98,23.13,47.08,0,124,8.3
,,,,,,,,,,,,,,,,,,L3,4,A,1650,C+3,a3,r6,g4,t14,0,-2,8,3.3,2,1,0,0,0,0,4,5,0,5,0,23,0,0,0,FALSE,TRUE,FALSE,FALSE,FALSE,tc,112,-3.25,-3.5,-1.25,2,2.25,0.4,4,23.72,47.91,23.99,48.18,25.7,122,29
,,,,,,,,,,,,,,,,,,L1,4,A,1650,C+3,a3,r6,g4,t14,0,-2,8,3.3,2,1,0,0,0,0,6,7,0,5,0,23,0,0,0,FALSE,TRUE,FALSE,FALSE,FALSE,tc,70,-6,-5,1,7,6,0.87,1,23.71,48.14,23.76,48.19,0,122,9.4
,,,,,,,,,,,,,,,,,,L2,4,A,1650,C+3,a3,r6,g4,t14,0,-2,6,3.3,2,1,0,0,1,-1,4,7,0,5,0,23,0,0,0,FALSE,TRUE,FALSE,FALSE,FALSE,tc,91,-5,-5.5,-4.5,0.5,1,0.74,2,23.14,47.24,23.51,47.61,14.7,122,18
,,,,,,,,,,,,,,,,,,L1,4,A,1650,C+3,g4,r30,g1,t2,0,14,-2,30,3,0,0,0,0,-2,-1,7,2,0,0,0,0,0,23.4,TRUE,FALSE,FALSE,FALSE,TRUE,ts,94,-3,-2.75,-5.5,-2.5,-2.75,-0.24,8,24.73,48.92,24.38,48.57,0,122,65
,,,,,,,,,,,,,,,,,,L2,4,A,1650,C+3,g4,r30,g1,t2,0,14,-3,30,3,0,0,0,0,1,1,11,2,0,0,0,0,0,23.4,TRUE,FALSE,FALSE,FALSE,TRUE,zc,108,-6.75,-5.25,-8,-1.25,-2.75,-0.94,8,25.29,49.32,24.9,48.93,0,122,48
,,,,,,,,,,,,,,,,,,L3,4,A,1650,C+3,g4,r30,g1,t2,0,14,-3,30,3,0,0,0,0,0,6,11,2,0,0,0,0,0,23.4,TRUE,FALSE,FALSE,FALSE,TRUE,zc,122,-6.25,-6.75,-6.5,-0.25,0.25,0.53,3,23.9,48.16,23.66,47.92,0,122,92
,,,,,,,,,,,,,,,,,,L1,4,A,1650,C+3,a4,r10,g3,t10,0,1,-1,182,9,0,0,0,1,2,2,11,0,0,0,0,0,22.9,0,FALSE,FALSE,FALSE,TRUE,FALSE,tz,17,-8.25,-7.25,-7.75,0.5,-0.5,-0.91,7,23.26,45.61,23.24,45.59,223,113,405
,,,,,,,,,,,,,,,,,,L2,4,A,1650,C+3,a4,r10,g3,t10,0,1,-9,182,9,0,0,0,0,1,1,11,0,0,0,0,0,22.9,0,FALSE,FALSE,FALSE,TRUE,FALSE,tz,129,-5.5,-8.25,-7,-1.5,1.25,-1.31,6,21.43,42.45,22.11,43.13,261,113,443
,,,,,,,,,,,,,,,,,,L3,4,A,1650,C+3,a4,r10,g3,t10,0,1,-12,182,9,0,0,0,0,0,0,11,0,0,0,0,0,22.9,0,FALSE,FALSE,FALSE,TRUE,FALSE,gz,161,-7.75,-7.75,-10.75,-3,-3,0.71,11,22.24,45.94,22.69,46.39,229,113,411
,,,,,,,,,,,,,,,,,,L1,5,A,1650,C+3,a3,r5,g1,t2,1,10,-15,6.1,1,0,0,0,1,0,9,11,0,0,0,0,0,0,0,FALSE,FALSE,FALSE,FALSE,FALSE,zc,10,-11.75,-8,-0.25,11.5,7.75,-0.69,1,23.09,45.61,22.84,45.36,0,117,4
,,,,,,,,,,,,,,,,,,L3,5,A,1650,C+3,a3,r5,g1,t2,0,10,-2,6.1,1,0,0,0,0,-2,0,5,0,0,0,0,0,0,0,FALSE,FALSE,FALSE,FALSE,FALSE,zc,108,-2.5,-2.25,-3.5,-1,-1.25,-0.5,7,24.78,49.01,24.68,48.91,3.9,117,10
,,,,,,,,,,,,,,,,,,L2,5,A,1650,C+3,a3,r5,g1,t2,0,10,-2,6.1,1,0,0,0,2,-1,-3,5,0,0,0,0,0,0,0,FALSE,FALSE,FALSE,FALSE,FALSE,zc,94,-3.75,-4.75,-4.5,-0.75,0.25,1.06,10,23.16,47.28,23.01,47.13,7.9,117,14
,,,,,,,,,,,,,,,,,,L3,6,B,1600,B+2,g1,r14,g2,t8,-1,6,16,6.7,2,0,0,0,0,0,-3,7,0,1,0,23.3,0,0,0,FALSE,TRUE,FALSE,FALSE,FALSE,gs,88,-3.25,-3,-4.25,-1,-1.25,0.53,10,23.67,47.47,23.67,47.47,4.3,133,11
,,,,,,,,,,,,,,,,,,L1,6,B,1600,B+2,g1,r14,g2,t8,-1,6,17,6.7,2,0,0,0,-1,1,-2,11,0,1,0,23.3,0,0,0,FALSE,TRUE,FALSE,FALSE,FALSE,gs,67,-9.25,-9,-7.25,2,1.75,0.87,7,23.45,47.2,23.3,47.05,19.3,133,26
,,,,,,,,,,,,,,,,,,L2,6,B,1600,B+2,g1,r14,g2,t8,-1,6,15,6.7,2,0,0,0,0,0,0,5,0,1,0,23.3,0,0,0,FALSE,TRUE,FALSE,FALSE,FALSE,ts,81,-4,-1.75,-2,2,-0.25,0.86,3,23.52,47.2,23.19,46.87,10.3,133,17
,,,,,,,,,,,,,,,,,,L1,7,B,1600,B+2,a1,r2,NULL,NULL,-1,4,9,49,4,1,0,0,-1,-1,-1,9,0,0,0,0,0,22.4,0,FALSE,FALSE,FALSE,TRUE,FALSE,zc,14,-11.25,-5.5,-10.5,0.75,-5,-1.48,10,24.51,47.22,24.41,47.12,0,123,44
,,,,,,,,,,,,,,,,,,L2,7,B,1600,B+2,a1,r2,NULL,NULL,-1,4,8,49,4,1,0,0,-2,-2,1,5,0,0,0,0,0,22.4,0,FALSE,FALSE,FALSE,TRUE,FALSE,tc,98,-2.75,-3.75,-7.75,-5,-4,-0.77,5,24.3,47.46,24.13,47.29,0,123,33
,,,,,,,,,,,,,,,,,,L3,7,B,1600,B+2,a1,r2,NULL,NULL,0,4,-5,49,4,1,0,0,0,-2,-3,9,0,0,0,0,0,22.4,0,FALSE,FALSE,FALSE,TRUE,FALSE,zc,134,-5,-4.25,-6.5,-1.5,-2.25,-0.59,11,23.23,46.07,23.31,46.15,0,123,30
,,,,,,,,,,,,,,,,,,L3,5,B,1600,B+2,g1,r13,g1,t1,0,2,5,3,3,0,3,23.2,0,1,7,9,0,4,0,23.3,0,0,0,FALSE,TRUE,FALSE,FALSE,FALSE,tc,126,-8.25,-2.75,-0.06,8.19,2.69,0.91,1,23.2,46.64,22.65,46.09,22,133,25
,,,,,,,,,,,,,,,,,,L1,5,B,1600,B+2,g1,r13,g1,t1,0,2,7,3,3,0,3,23.2,-1,3,3,5,0,4,0,23.3,0,0,0,FALSE,TRUE,FALSE,FALSE,FALSE,tc,70,-3,-2,3,6,5,0.1,1,23.1,46.08,23.05,46.03,0,133,6.1
,,,,,,,,,,,,,,,,,,L2,5,B,1600,B+2,g1,r13,g1,t1,0,2,8,3,3,0,3,23.2,0,2,-3,11,0,4,0,23.3,0,0,0,FALSE,TRUE,FALSE,FALSE,FALSE,tc,105,-7.75,-7,-21.75,-14,-14.75,-3.51,12,27.73,51.28,27.26,50.81,0,133,8.9
,,,,,,,,,,,,,,,,,,L2,5,B,1600,B+2,g2,r16,g2,t9,0,20,1,9.8,8,0,0,0,0,0,0,5,0,0,0,0,0,0,0,FALSE,FALSE,FALSE,FALSE,FALSE,ts,119,-3.5,-2.5,-0.5,3,2,-0.55,5,23.97,47.09,23.69,46.81,0,131,6.9
,,,,,,,,,,,,,,,,,,L1,5,B,1600,B+2,g2,r16,g2,t9,0,20,2,9.8,8,0,0,0,0,0,-1,3,0,0,0,0,0,0,0,FALSE,FALSE,FALSE,FALSE,FALSE,ts,85,-1.5,-1.25,-1.75,-0.25,-0.5,1.03,4,22.6,45.68,22.1,45.18,0,131,2.8
,,,,,,,,,,,,,,,,,,L3,5,B,1600,B+2,g2,r16,g2,t9,0,20,4,9.8,8,0,0,0,0,0,5,9,0,0,0,0,0,0,0,FALSE,FALSE,FALSE,FALSE,FALSE,ts,140,-6.75,-2.5,-0.5,6.25,2,0.81,1,22.82,46.15,22.62,45.95,6.2,131,16
,,,,,,,,,,,,,,,,,,L1,6,B,1600,B+2,g4,r29,g4,t15,0,-3,0,58,9,0,0,0,0,3,1,11,0,0,0,0,0,22.3,0,FALSE,FALSE,FALSE,TRUE,FALSE,zc,14,-6,-3.75,-2.75,3.25,1,-0.57,7,23.1,45.7,23.17,45.77,142,128,200
,,,,,,,,,,,,,,,,,,L2,6,B,1600,B+2,g4,r29,g4,t15,-1,-3,11,58,9,0,0,0,0,0,0,5,0,0,0,0,0,22.3,0,FALSE,FALSE,FALSE,TRUE,FALSE,gs,158,-4.25,-6.75,-9.75,-5.5,-3,0.37,11,24.32,48.39,23.97,48.04,0,128,79
,,,,,,,,,,,,,,,,,,L3,6,B,1600,B+2,g4,r29,g4,t15,0,-3,-2,58,9,0,0,0,0,0,1,11,0,0,0,0,0,22.3,0,FALSE,FALSE,FALSE,TRUE,FALSE,ts,182,-8.75,-4.5,-6.5,2.25,-2,-0.34,8,23.96,47.21,23.54,46.79,145,128,203
,,,,,,,,,,,,,,,,,,L1,5,B,1600,B+2,g3,r24,g4,t16,0,-7,0,7.9,1,1,0,0,1,-2,5,11,0,0,0,0,0,0,22.8,FALSE,FALSE,FALSE,FALSE,TRUE,zc,14,-4.75,-4.5,-2.5,2.25,2,-0.09,4,22.84,45.76,23.01,45.93,22.1,125,30
,,,,,,,,,,,,,,,,,,L2,5,B,1600,B+2,g3,r24,g4,t16,0,-7,0,7.9,1,1,0,0,0,0,4,5,0,0,0,0,0,0,22.8,FALSE,FALSE,FALSE,FALSE,TRUE,tc,126,-5.5,-1,0.06,5.56,1.06,0.81,2,23.01,46.61,22.79,46.39,0,125,7.5
,,,,,,,,,,,,,,,,,,L3,5,B,1600,B+2,g3,r24,g4,t16,0,-7,5,7.9,1,1,0,0,0,1,5,11,0,0,0,0,0,0,22.8,FALSE,FALSE,FALSE,FALSE,TRUE,tc,147,-7.75,-2.5,-1.25,6.5,1.25,0.66,2,23.39,47.04,23.11,46.76,2.1,125,10
,,,,,,,,,,,,,,,,,,L1,5,B,1600,B+2,g1,r15,g1,t2,0,-8,0,4,5,0,0,0,-1,0,6,11,0,0,0,0,0,22.3,0,FALSE,FALSE,FALSE,TRUE,FALSE,zc,14,-5,-4.25,-1.5,3.5,2.75,-0.05,3,22.69,45.53,22.89,45.73,8,125,12
,,,,,,,,,,,,,,,,,,L2,5,B,1600,B+2,g1,r15,g1,t2,0,-8,-3,4,5,0,0,0,1,0,-2,5,0,0,0,0,0,22.3,0,FALSE,FALSE,FALSE,TRUE,FALSE,zc,70,-4.25,-2.5,-2,2.25,0.5,1.3,10,22.22,45.57,21.98,45.33,10,125,14
,,,,,,,,,,,,,,,,,,L3,5,B,1600,B+2,g1,r15,g1,t2,0,-8,-5,4,5,0,0,0,-5,0,5,9,0,0,0,0,0,22.3,0,FALSE,FALSE,FALSE,TRUE,FALSE,zc,85,-4.75,-5.25,-2.5,2.25,2.75,0.2,3,23.11,46,22.57,45.46,23,125,27
,,,,,,,,,,,,,,,,,,L2,5,B,1600,B+2,g2,r17,g2,t7,0,32,0,13,7,0,0,0,0,0,3,5,0,0,0,0,0,0,0,FALSE,FALSE,FALSE,FALSE,FALSE,tc,105,-3,-4.25,-1.75,1.25,2.5,-0.43,5,25.4,49.27,24.3,48.17,0,118,3.5
,,,,,,,,,,,,,,,,,,L3,5,B,1600,B+2,g2,r17,g2,t7,0,32,-4,13,7,0,0,0,1,2,1,5,0,0,0,0,0,0,0,FALSE,FALSE,FALSE,FALSE,FALSE,tc,126,-6,-0.5,-0.5,5.5,0,0.47,4,23.84,47.28,22.87,46.31,0,118,2.3
,,,,,,,,,,,,,,,,,,L1,5,B,1600,B+2,g2,r17,g2,t7,0,32,-2,13,7,0,0,0,0,1,0,5,0,0,0,0,0,0,0,FALSE,FALSE,FALSE,FALSE,FALSE,tc,81,-3,-1.75,-2.75,0.25,-1,0.68,5,23.74,47.41,22.94,46.61,0,118,3
,,,,,,,,,,,,,,,,,,L2,7,B,1600,B+2,a1,r1,g3,t11,0,3,4,14,6,0,0,0,0,0,-2,1,0,0,0,0,0,0,0,FALSE,FALSE,FALSE,FALSE,FALSE,tc,81,1.25,0.75,-1.25,-2.5,-2,0.85,7,23.22,47.09,23.12,46.99,0,117,14
,,,,,,,,,,,,,,,,,,L1,7,B,1600,B+2,a1,r1,g3,t11,0,3,3,14,6,0,0,0,-1,-1,-2,3,0,0,0,0,0,0,0,FALSE,FALSE,FALSE,FALSE,FALSE,tc,70,-1.5,-2.5,-6,-4.5,-3.5,-0.46,8,23.91,47.21,23.83,47.13,13,117,27
,,,,,,,,,,,,,,,,,,L3,7,B,1600,B+2,a1,r1,g3,t11,0,3,-2,14,6,0,0,0,0,2,-2,5,0,0,0,0,0,0,0,FALSE,FALSE,FALSE,FALSE,FALSE,zc,91,-6.5,-1.5,-2.75,3.75,-1.25,-0.61,9,23.03,45.57,23.1,45.64,29,117,43
,,,,,,,,,,,,,,,,,,L1,4,B,1600,B+2,a3,r6,g2,t9,0,-3,-1,13,10,0,3,23.6,0,-9,0,7,0,0,0,0,0,0,0,FALSE,FALSE,TRUE,FALSE,FALSE,tc,70,-1.75,-8.75,-37.25,-35.5,-28.5,-3.49,14,27.65,51.91,27.73,51.99,71,112,84
,,,,,,,,,,,,,,,,,,L3,4,B,1600,B+2,a3,r6,g2,t9,0,-3,-4,13,10,0,3,23.6,2,1,-5,3,0,0,0,0,0,0,0,FALSE,FALSE,TRUE,FALSE,FALSE,tc,105,-1.5,-1.25,-5.25,-3.75,-4,-1.74,9,25.54,49.17,25.27,48.9,0,112,4.2
,,,,,,,,,,,,,,,,,,L2,4,B,1600,B+2,a3,r6,g2,t9,0,-3,-4,13,10,0,3,23.6,0,0,-1,7,0,0,0,0,0,0,0,FALSE,FALSE,TRUE,FALSE,FALSE,tc,81,-3,-2.25,-4.25,-1.25,-2,0.6,9,22.95,46.7,23.05,46.8,0,112,3.7
,,,,,,,,,,,,,,,,,,L3,5,B,1600,B+2,g4,r30,g2,t7,0,-6,4,11,4,0,0,0,0,0,0,5,0,0,0,0,0,22.6,0,FALSE,FALSE,FALSE,TRUE,FALSE,gs,109,-3,-2.25,-4.5,-1.5,-2.25,0.34,8,24.14,48.37,23.99,48.22,0,133,7.8
,,,,,,,,,,,,,,,,,,L2,5,B,1600,B+2,g4,r30,g2,t7,0,-6,13,11,4,0,0,0,0,0,4,5,0,0,0,0,0,22.6,0,FALSE,FALSE,FALSE,TRUE,FALSE,zc,70,-3,-3.25,0.25,3.25,3.5,0.54,2,22.63,45.48,22.63,45.48,0,133,15
,,,,,,,,,,,,,,,,,,L1,5,B,1600,B+2,g4,r30,g2,t7,0,-6,10,11,4,0,0,0,-1,-1,4,7,0,0,0,0,0,22.6,0,FALSE,FALSE,FALSE,TRUE,FALSE,zc,14,-8,-2.5,-2.5,5.5,0,-0.64,6,23.49,46.24,23.64,46.39,0,133,4.7
,,,,,,,,,,,,,,,,,,L1,4,B,1600,B+2,a1,r1,g2,t8,-1,24,11,8.4,10,0,0,0,-1,-1,3,5,0,0,0,0,23,0,0,FALSE,FALSE,TRUE,FALSE,FALSE,tc,70,-3,-1.75,-1,2,0.75,1.21,3,22.89,46.12,22.29,45.52,3.6,132,12
,,,,,,,,,,,,,,,,,,L3,4,B,1600,B+2,a1,r1,g2,t8,-1,24,17,8.4,10,0,0,0,0,0,0,5,0,0,0,0,23,0,0,FALSE,FALSE,TRUE,FALSE,FALSE,ts,91,-3,-1.25,-8.25,-5.25,-7,-0.37,8,24.23,47.09,23.65,46.51,0,132,7.4
,,,,,,,,,,,,,,,,,,L2,4,B,1600,B+2,a1,r1,g2,t8,0,24,-1,8.4,10,0,0,0,0,0,0,5,0,0,0,0,23,0,0,FALSE,FALSE,TRUE,FALSE,FALSE,ts,81,-5.5,-2.25,-2.25,3.25,0,0.75,2,23.09,46.61,22.75,46.27,14.6,132,23
,,,,,,,,,,,,,,,,,,L1,6,B,1600,B+2,g2,r18,g3,t12,0,4,-1,21,3,0,0,0,0,0,2,11,4,0,23.1,0,0,0,0,TRUE,FALSE,FALSE,FALSE,FALSE,gs,67,-10.75,-10.5,-4.5,6.25,6,1.58,1,22.24,45.99,22.15,45.9,0,127,29
,,,,,,,,,,,,,,,,,,L3,6,B,1600,B+2,g2,r18,g3,t12,0,4,-3,21,3,0,0,0,0,0,0,5,4,0,23.1,0,0,0,0,TRUE,FALSE,FALSE,FALSE,FALSE,gs,109,-1.5,-1.25,-2.5,-1,-1.25,0.59,7,23.84,48.15,23.65,47.96,0,127,7.7
,,,,,,,,,,,,,,,,,,L2,6,B,1600,B+2,g2,r18,g3,t12,0,4,1,21,3,0,0,0,-1,1,5,9,4,0,23.1,0,0,0,0,TRUE,FALSE,FALSE,FALSE,FALSE,gs,88,-3.75,-3.5,-0.75,3,2.75,1.18,2,22.87,46.67,22.64,46.44,0,127,15
,,,,,,,,,,,,,,,,,,L2,6,B,1600,B+2,g1,r14,g4,t15,1,-1,-4,4.9,12,1,0,0,1,2,4,7,0,0,0,0,0,0,0,FALSE,FALSE,FALSE,FALSE,FALSE,tc,147,-6,-1,0.5,6.5,1.5,0.68,3,23.31,47,22.91,46.6,0,126,9.2
,,,,,,,,,,,,,,,,,,L3,6,B,1600,B+2,g1,r14,g4,t15,1,-1,1,4.9,12,1,0,0,1,-1,6,7,0,0,0,0,0,0,0,FALSE,FALSE,FALSE,FALSE,FALSE,tc,196,-3.75,-2.25,0.25,4,2.5,1.18,2,22.7,46.75,22.89,46.94,0,126,4.3
,,,,,,,,,,,,,,,,,,L1,6,B,1600,B+2,g1,r14,g4,t15,0,-1,10,4.9,12,1,0,0,0,2,5,7,0,0,0,0,0,0,0,FALSE,FALSE,FALSE,FALSE,FALSE,tc,98,-3.5,-2,1.5,5,3.5,-0.22,1,23.2,45.96,23.23,45.99,0,126,6
,,,,,,,,,,,,,,,,,,L2,5,B,1600,B+2,g1,r13,g2,t9,0,1,0,5.1,6,0,3,23.2,0,0,0,5,0,0,0,0,0,22.2,0,FALSE,FALSE,FALSE,TRUE,FALSE,dd,0,0,0,0,0,0,0,0,0,0,0,0,0,125,0
,,,,,,,,,,,,,,,,,,L3,5,B,1600,B+2,g1,r13,g2,t9,0,1,0,5.1,6,0,3,23.2,0,0,0,5,0,0,0,0,0,22.2,0,FALSE,FALSE,FALSE,TRUE,FALSE,dd,0,0,0,0,0,0,0,0,0,0,0,0,0,125,0
,,,,,,,,,,,,,,,,,,L1,5,B,1600,B+2,g1,r13,g2,t9,-1,1,7,5.1,6,0,3,23.2,2,1,4,7,0,0,0,0,0,22.2,0,FALSE,FALSE,FALSE,TRUE,FALSE,zc,134,-4.25,-4.25,-1.25,3,3,0.02,3,22.82,45.46,22.79,45.43,195.9,125,201
,,,,,,,,,,,,,,,,,,L3,6,B,1600,B+2,g3,r24,g3,t10,0,7,8,6.7,7,0,0,0,3,2,4,9,0,0,0,0,0,0,0,FALSE,FALSE,TRUE,FALSE,FALSE,zc,182,-3.75,-3.5,-2,1.75,1.5,0.73,2,21.94,44.63,22.16,44.85,11.3,125,18
,,,,,,,,,,,,,,,,,,L2,6,B,1600,B+2,g3,r24,g3,t10,1,7,-3,6.7,7,0,0,0,-1,0,13,11,0,0,0,0,0,0,0,FALSE,FALSE,TRUE,FALSE,FALSE,zc,134,-8.75,-5.5,0.12,8.87,5.62,0.27,1,22.29,44.73,22.1,44.54,0,125,9.1
,,,,,,,,,,,,,,,,,,L1,6,B,1600,B+2,g3,r24,g3,t10,0,7,4,6.7,7,0,0,0,1,1,2,5,0,0,0,0,0,0,0,FALSE,FALSE,TRUE,FALSE,FALSE,tc,98,-2,-1.5,-1.5,0.5,0,-0.4,2,23.59,46.51,23.42,46.34,0,125,8.6
,,,,,,,,,,,,,,,,,,L3,7,B,1600,B+2,a4,r10,g4,t16,-1,-15,5,291,11,0,9,23,0,0,0,5,0,0,0,0,0,22.3,0,FALSE,FALSE,FALSE,TRUE,FALSE,zc,91,-3.75,-4,-8,-4.25,-4,-0.94,5,23.13,45.34,23.27,45.48,0,119,33
,,,,,,,,,,,,,,,,,,L2,7,B,1600,B+2,a4,r10,g4,t16,-1,-15,-6,291,11,0,9,23,4,0,-5,3,0,0,0,0,0,22.3,0,FALSE,FALSE,FALSE,TRUE,FALSE,tc,70,-0.5,-0.25,-5.75,-5.25,-5.5,0.35,7,22.82,46.21,22.89,46.28,0,119,53
,,,,,,,,,,,,,,,,,,L1,7,B,1600,B+2,a4,r10,g4,t16,0,-15,-8,291,11,0,9,23,1,-1,-6,7,0,0,0,0,0,22.3,0,FALSE,FALSE,FALSE,TRUE,FALSE,zc,14,-7.75,-2.5,-10.75,-3,-8.25,-1.94,13,24.16,46.95,24.53,47.32,-166,119,125
,,,,,,,,,,,,,,,,,,L1,5,B,1600,B+2,g2,r16,g1,t2,0,-26,-4,176,13,0,0,0,0,0,0,5,0,4,0,23.9,0,0,0,FALSE,TRUE,FALSE,FALSE,FALSE,ts,126,-3.5,-3.75,-3.5,0,0.25,-0.08,6,22.18,45.03,22.83,45.68,0,122,87
,,,,,,,,,,,,,,,,,,L2,5,B,1600,B+2,g2,r16,g1,t2,-1,-26,2,176,13,0,0,0,0,-1,0,11,0,4,0,23.9,0,0,0,FALSE,TRUE,FALSE,FALSE,FALSE,zc,134,-8.25,-12.25,-13.5,-5.25,-1.25,-0.03,10,22.64,45.92,23.36,46.64,0,122,96
,,,,,,,,,,,,,,,,,,L3,5,B,1600,B+2,g2,r16,g1,t2,0,-26,0,176,13,0,0,0,0,0,0,5,0,4,0,23.9,0,0,0,FALSE,TRUE,FALSE,FALSE,FALSE,dd,0,0,0,0,0,0,0,0,0,0,0,0,0,122,0
,,,,,,,,,,,,,,,,,,L3,5,B,1600,B+2,g2,r17,g5,t21,0,6,4,46,5,1,0,0,0,0,0,5,0,0,0,0,0,0,0,FALSE,FALSE,FALSE,FALSE,FALSE,ts,126,-5,-4,-0.25,4.75,3.75,0.32,2,22.6,45.25,22.43,45.08,0,122,7.7
,,,,,,,,,,,,,,,,,,L2,5,B,1600,B+2,g2,r17,g5,t21,0,6,-1,46,5,1,0,0,0,0,0,5,0,0,0,0,0,0,0,FALSE,FALSE,FALSE,FALSE,FALSE,gs,109,-6.75,-4,-1,5.75,3,0.87,2,23.19,47.1,23.02,46.93,0,122,9.7
,,,,,,,,,,,,,,,,,,L1,5,B,1600,B+2,g2,r17,g5,t21,0,6,-1,46,5,1,0,0,0,0,0,5,0,0,0,0,0,0,0,FALSE,FALSE,FALSE,FALSE,FALSE,ts,81,-5.25,-2,-4.5,0.75,-2.5,0.36,7,23.28,46.8,23.14,46.66,0,122,4.9
,,,,,,,,,,,,,,,,,,L3,4,B,1600,B+2,g1,r15,g1,t3,0,1,0,3.2,14,1,0,0,0,0,0,5,0,0,0,0,0,22.7,22.9,FALSE,FALSE,FALSE,TRUE,TRUE,dd,0,0,0,0,0,0,0,0,0,0,0,0,0,119,0
,,,,,,,,,,,,,,,,,,L1,4,B,1600,B+2,g1,r15,g1,t3,1,1,-12,3.2,14,1,0,0,-1,-2,8,7,0,0,0,0,0,22.7,22.9,FALSE,FALSE,FALSE,TRUE,TRUE,zc,14,-3.25,-3.75,0.06,3.31,3.81,0.3,2,22.47,45.51,22.44,45.48,0,119,2.4
,,,,,,,,,,,,,,,,,,L2,4,B,1600,B+2,g1,r15,g1,t3,1,1,-13,3.2,14,1,0,0,1,4,4,7,0,0,0,0,0,22.7,22.9,FALSE,FALSE,FALSE,TRUE,TRUE,tz,81,-4.75,-2.5,-0.06,4.69,2.44,-1.16,1,22.19,43.64,22.29,43.74,0,119,4.1
,,,,,,,,,,,,,,,,,,L3,6,B,1600,B+2,g4,r29,g2,t6,1,0,-11,36,2,0,0,0,-1,-1,10,11,0,0,0,0,0,0,0,FALSE,FALSE,FALSE,FALSE,FALSE,zc,134,-7.25,-5,-0.12,7.13,4.88,0.32,2,22.26,44.86,22.01,44.61,0,119,6.5
,,,,,,,,,,,,,,,,,,L1,6,B,1600,B+2,g4,r29,g2,t6,0,0,-4,36,2,0,0,0,0,0,0,5,0,0,0,0,0,0,0,FALSE,FALSE,FALSE,FALSE,FALSE,ts,81,-2,-1,-9,-7,-8,-0.15,9,23.93,47.81,23.93,47.81,0,119,16
,,,,,,,,,,,,,,,,,,L2,6,B,1600,B+2,g4,r29,g2,t6,0,0,-1,36,2,0,0,0,0,0,2,7,0,0,0,0,0,0,0,FALSE,FALSE,FALSE,FALSE,FALSE,tc,98,-3.5,-2.75,-5.75,-2.25,-3,-0.91,3,23.67,46.55,23.77,46.65,0,119,5.2
,,,,,,,,,,,,,,,,,,L2,6,B,1600,B+2,a3,r5,g2,t8,0,6,0,65,9,0,0,0,-1,0,-2,3,0,0,0,0,0,0,0,FALSE,FALSE,FALSE,FALSE,FALSE,gs,67,-4,-3.5,-3,1,0.5,0.65,11,23.43,47.14,23.06,46.77,0,116,30
,,,,,,,,,,,,,,,,,,L1,6,B,1600,B+2,a3,r5,g2,t8,0,6,-2,65,9,0,0,0,0,3,3,11,0,0,0,0,0,0,0,FALSE,FALSE,FALSE,FALSE,FALSE,tz,7,-2.75,-3,-4,-1.25,-1,-2.22,7,22.86,43.4,22.71,43.25,0,116,79
,,,,,,,,,,,,,,,,,,L3,6,B,1600,B+2,a3,r5,g2,t8,1,6,-7,65,9,0,0,0,-1,-1,2,3,0,0,0,0,0,0,0,FALSE,FALSE,FALSE,FALSE,FALSE,tc,81,-1.5,-1.5,-0.75,0.75,0.75,1.16,3,22.61,46.48,22.54,46.41,0,116,7.5
,,,,,,,,,,,,,,,,,,L2,6,B,1600,B+2,a2,r7,g1,t1,0,16,0,49,8,0,3,23.2,0,0,1,5,0,0,0,0,0,0,0,FALSE,FALSE,FALSE,FALSE,FALSE,gs,88,-2.75,-2.5,-1.5,1.25,1,0.9,6,22.92,46.72,22.9,46.7,0,116,7.5
,,,,,,,,,,,,,,,,,,L1,6,B,1600,B+2,a2,r7,g1,t1,0,16,-1,49,8,0,3,23.2,-1,0,2,5,0,0,0,0,0,0,0,FALSE,FALSE,FALSE,FALSE,FALSE,gs,67,-5.25,-4.75,-2.5,2.75,2.25,0.93,6,23.15,46.86,22.76,46.47,0,116,7
,,,,,,,,,,,,,,,,,,L3,6,B,1600,B+2,a2,r7,g1,t1,1,16,-17,49,8,0,3,23.2,0,1,0,3,0,0,0,0,0,0,0,FALSE,FALSE,FALSE,FALSE,FALSE,gs,109,-1.75,-1,-0.06,1.69,0.94,0.06,8,23.96,48.08,23.64,47.76,0,116,6.5
,,,,,,,,,,,,,,,,,,L2,8,B,1600,B+2,a3,r6,g4,t14,1,-12,-15,88,1,0,0,0,0,0,3,9,0,0,0,0,0,0,0,FALSE,FALSE,FALSE,FALSE,FALSE,gs,207,-8.25,-6,-4.5,3.75,1.5,0.69,3,22.16,45.83,22.61,46.28,0,113,10
,,,,,,,,,,,,,,,,,,L3,8,B,1600,B+2,a3,r6,g4,t14,1,-12,-18,88,1,0,0,0,0,-1,6,9,0,0,0,0,0,0,0,FALSE,FALSE,FALSE,FALSE,FALSE,gs,221,-5,-3.75,-1.25,3.75,2.5,1.7,1,21.45,45.55,21.95,46.05,0,113,10
,,,,,,,,,,,,,,,,,,L1,8,B,1600,B+2,a3,r6,g4,t14,1,-12,-18,88,1,0,0,0,0,0,6,11,0,0,0,0,0,0,0,FALSE,FALSE,FALSE,FALSE,FALSE,gs,158,-5.5,-4.25,-1.25,4.25,3,0.58,1,22.07,45.47,22.37,45.77,0,113,31
,,,,,,,,,,,,,,,,,,L3,7,A,1650,C,a1,r1,g2,t9,-1,21,13,19,6,1,0,0,0,0,0,5,0,0,0,0,22.7,0,0,FALSE,FALSE,TRUE,FALSE,FALSE,ts,115,-4.25,-3.5,-2.25,2,1.25,-0.62,8,24.03,47.19,24.1,47.26,5,130,24
,,,,,,,,,,,,,,,,,,L2,7,A,1650,C,a1,r1,g2,t9,-1,21,17,19,6,1,0,0,0,0,0,5,0,0,0,0,22.7,0,0,FALSE,FALSE,TRUE,FALSE,FALSE,ts,94,-6.75,-4.75,-7.25,-0.5,-2.5,0.09,8,23.87,47.23,23.69,47.05,8,130,27
,,,,,,,,,,,,,,,,,,L1,7,A,1650,C,a1,r1,g2,t9,0,21,7,19,6,1,0,0,1,0,1,9,0,0,0,0,22.7,0,0,FALSE,FALSE,TRUE,FALSE,FALSE,tc,63,-7,-5,-3.25,3.75,1.75,0.18,6,24.79,49.06,24.26,48.53,13,130,32
,,,,,,,,,,,,,,,,,,L2,5,A,1650,C,g1,r15,g2,t7,0,3,2,4.5,8,1,0,0,0,1,0,3,2,0,23.1,0,0,0,0,TRUE,FALSE,FALSE,FALSE,FALSE,tc,119,-2.25,-1.25,-1.25,1,0,0.02,8,23.95,47.52,23.6,47.17,0,130,5.8
,,,,,,,,,,,,,,,,,,L3,5,A,1650,C,g1,r15,g2,t7,0,3,4,4.5,8,1,0,0,0,0,-1,1,2,0,23.1,0,0,0,0,TRUE,FALSE,FALSE,FALSE,FALSE,tc,140,0.75,1,-0.75,-1.5,-1.75,0.36,5,23.89,47.99,23.84,47.94,0,130,5.1
,,,,,,,,,,,,,,,,,,L1,5,A,1650,C,g1,r15,g2,t7,0,3,-1,4.5,8,1,0,0,0,-1,-9,1,2,0,23.1,0,0,0,0,TRUE,FALSE,FALSE,FALSE,FALSE,tc,84,0.75,-0.25,-11.75,-12.5,-11.5,-1.31,12,25.42,49.48,25.35,49.41,0,130,7.8
,,,,,,,,,,,,,,,,,,L2,4,A,1650,C,g2,r17,g3,t10,0,19,0,8.7,7,1,5,22.7,0,0,0,5,0,0,0,0,0,0,0,FALSE,FALSE,FALSE,FALSE,FALSE,ss,119,-0.75,-1.5,-2.5,-1.75,-1,-0.77,10,25.35,49.51,24.93,49.09,0,130,9.1
,,,,,,,,,,,,,,,,,,L1,4,A,1650,C,g2,r17,g3,t10,0,19,2,8.7,7,1,5,22.7,-1,2,-1,3,0,0,0,0,0,0,0,FALSE,FALSE,FALSE,FALSE,FALSE,tc,84,-1.75,-1.5,-0.5,1.25,1,0.7,6,24.26,48.7,23.79,48.23,0,130,7.1
,,,,,,,,,,,,,,,,,,L3,4,A,1650,C,g2,r17,g3,t10,0,19,8,8.7,7,1,5,22.7,0,0,0,5,0,0,0,0,0,0,0,FALSE,FALSE,FALSE,FALSE,FALSE,ss,161,-2,-1.5,-1.25,0.75,0.25,0.26,8,24.75,49.21,24.4,48.86,20.3,130,29
,,,,,,,,,,,,,,,,,,L3,6,A,1650,C,g3,r24,g3,t12,0,12,3,5.2,2,0,0,0,2,0,0,3,0,0,0,0,0,22.7,0,FALSE,FALSE,FALSE,TRUE,FALSE,zc,101,-0.75,-0.25,-0.25,0.5,0,-0.37,5,24.51,48.7,24.63,48.82,0,126,4.9
,,,,,,,,,,,,,,,,,,L1,6,A,1650,C,g3,r24,g3,t12,0,12,1,5.2,2,0,0,0,-3,0,4,7,0,0,0,0,0,22.7,0,FALSE,FALSE,FALSE,TRUE,FALSE,zc,10,-4.25,-3.75,-3,1.25,0.75,-0.08,3,23.55,46.7,23.25,46.4,5.8,126,11
,,,,,,,,,,,,,,,,,,L2,6,A,1650,C,g3,r24,g3,t12,0,12,1,5.2,2,0,0,0,0,0,-6,3,0,0,0,0,0,22.7,0,FALSE,FALSE,FALSE,TRUE,FALSE,zc,73,-3,-1.75,-8,-5,-6.25,-0.9,12,24.72,48.34,24.54,48.16,0,126,5.2
,,,,,,,,,,,,,,,,,,L2,6,A,1650,C,g1,r14,g5,t20,0,-7,-3,8.6,4,1,0,0,0,6,6,9,4,0,24,0,0,0,0,TRUE,FALSE,FALSE,FALSE,FALSE,gz,154,-5,-6.5,-3.25,1.75,3.25,-0.46,2,23.13,45.82,23.08,45.77,33.4,124,42
,,,,,,,,,,,,,,,,,,L3,6,A,1650,C,g1,r14,g5,t20,0,-7,-7,8.6,4,1,0,0,0,0,0,9,4,0,24,0,0,0,0,TRUE,FALSE,FALSE,FALSE,FALSE,gz,175,-6.75,-4.75,-2.5,4.25,2.25,-1.07,2,23.53,46.06,23.43,45.96,15.4,124,24
,,,,,,,,,,,,,,,,,,L1,6,A,1650,C,g1,r14,g5,t20,0,-7,0,8.6,4,1,0,0,0,-6,-6,3,4,0,24,0,0,0,0,TRUE,FALSE,FALSE,FALSE,FALSE,gz,133,-2.5,-2.25,-13.25,-10.75,-11,-3.29,11,25.62,48.12,25.79,48.29,18.4,124,27
,,,,,,,,,,,,,,,,,,L1,6,A,1650,C,g1,r13,g1,t2,0,1,-1,5.1,5,0,0,0,0,0,2,7,0,0,0,0,0,22.3,0,FALSE,FALSE,FALSE,TRUE,FALSE,tc,7,-4.75,-4,-4.75,0,-0.75,0.86,6,23.05,46.96,23.03,46.94,0,124,4.7
,,,,,,,,,,,,,,,,,,L2,6,A,1650,C,g1,r13,g1,t2,0,1,-2,5.1,5,0,0,0,1,0,-1,5,0,0,0,0,0,22.3,0,FALSE,FALSE,FALSE,TRUE,FALSE,zc,73,-4.5,-2.25,-7,-2.5,-4.75,-0.8,10,24.31,47.77,24.21,47.67,32.9,124,38
,,,,,,,,,,,,,,,,,,L3,6,A,1650,C,g1,r13,g1,t2,0,1,-4,5.1,5,0,0,0,1,4,3,9,0,0,0,0,0,22.3,0,FALSE,FALSE,FALSE,TRUE,FALSE,ts,87,-3,-3.25,-4,-1,-0.75,0.16,5,24.36,48.63,24.01,48.28,47.9,124,53
,,,,,,,,,,,,,,,,,,L1,7,A,1650,C,a3,r6,g3,t13,0,-11,1,9.5,3,0,0,0,0,-1,2,11,0,0,0,0,0,0,0,FALSE,FALSE,FALSE,FALSE,FALSE,tc,84,-8.75,-10,-9.5,-0.75,0.5,0.75,4,23.22,47.44,23.49,47.71,0,120,8
,,,,,,,,,,,,,,,,,,L2,7,A,1650,C,a3,r6,g3,t13,0,-11,-5,9.5,3,0,0,0,-2,-1,2,9,0,0,0,0,0,0,0,FALSE,FALSE,FALSE,FALSE,FALSE,ts,108,-4,-4.75,-4,0,0.75,0.27,6,22.63,46.1,23.08,46.55,85.5,120,95
,,,,,,,,,,,,,,,,,,L3,7,A,1650,C,a3,r6,g3,t13,0,-11,-8,9.5,3,0,0,0,0,0,0,5,0,0,0,0,0,0,0,FALSE,FALSE,FALSE,FALSE,FALSE,ss,119,-2,-3.5,-13.5,-11.5,-10,-1.75,11,25.73,50.13,25.95,50.35,23.5,120,33
,,,,,,,,,,,,,,,,,,L3,4,A,1650,C,a2,r4,g1,t1,0,28,-6,42,9,0,0,0,0,0,2,7,0,3,0,23.3,0,0,0,FALSE,TRUE,FALSE,FALSE,FALSE,dd,140,-4,-4.25,-2,2,2.25,0.09,5,23.99,47.65,23.42,47.08,0,120,7.1
,,,,,,,,,,,,,,,,,,L2,4,A,1650,C,a2,r4,g1,t1,0,28,-3,42,9,0,0,0,1,-1,0,3,0,3,0,23.3,0,0,0,FALSE,TRUE,FALSE,FALSE,FALSE,ts,108,-1.25,-1.5,-1.5,-0.25,0,0.09,8,23.75,47.14,23.23,46.62,0,120,12
,,,,,,,,,,,,,,,,,,L1,4,A,1650,C,a2,r4,g1,t1,0,28,-3,42,9,0,0,0,2,-3,1,9,0,3,0,23.3,0,0,0,FALSE,TRUE,FALSE,FALSE,FALSE,ts,87,-4,-4,-7.25,-3.25,-3.25,-0.25,10,25.1,49.33,24.41,48.64,0,120,14
,,,,,,,,,,,,,,,,,,L1,5,A,1650,C,g2,r16,g5,t18,0,14,0,6.2,10,1,0,0,-1,0,5,9,0,0,0,0,23.1,0,0,FALSE,FALSE,TRUE,FALSE,FALSE,tc,63,-7.25,-6.25,-1.75,5.5,4.5,0.78,2,24,48.43,23.65,48.08,0,120,6.3
,,,,,,,,,,,,,,,,,,L3,5,A,1650,C,g2,r16,g5,t18,0,14,-5,6.2,10,1,0,0,0,-1,-3,3,0,0,0,0,23.1,0,0,FALSE,FALSE,TRUE,FALSE,FALSE,tc,105,-1,-1.25,-3,-2,-1.75,-0.26,11,24.5,48.69,24.33,48.52,0,120,6.6
,,,,,,,,,,,,,,,,,,L2,5,A,1650,C,g2,r16,g5,t18,0,14,-2,6.2,10,1,0,0,0,0,3,9,0,0,0,0,23.1,0,0,FALSE,FALSE,TRUE,FALSE,FALSE,tc,84,-5.25,-4,-1.75,3.5,2.25,0.73,4,23.9,48.18,23.5,47.78,0,120,8.5
,,,,,,,,,,,,,,,,,,L2,8,A,1650,C,a2,r7,g3,t13,0,13,-5,28,1,0,0,0,2,0,0,9,0,0,0,0,0,0,0,FALSE,FALSE,FALSE,FALSE,FALSE,gz,84,-8.25,-6.25,-3.75,4.5,2.5,-0.01,5,22.21,45.01,22.69,45.49,0,118,16
,,,,,,,,,,,,,,,,,,L1,8,A,1650,C,a2,r7,g3,t13,0,13,-1,28,1,0,0,0,-1,5,5,11,0,0,0,0,0,0,0,FALSE,FALSE,FALSE,FALSE,FALSE,gz,7,-4.5,-5.75,-5.75,-1.25,0,-0.95,5,23.88,46.51,23.56,46.19,0,118,21
,,,,,,,,,,,,,,,,,,L3,8,A,1650,C,a2,r7,g3,t13,0,13,-1,28,1,0,0,0,1,-1,-7,5,0,0,0,0,0,0,0,FALSE,FALSE,FALSE,FALSE,FALSE,tc,105,-1.75,-3.25,-11,-9.25,-7.75,-1.01,12,24.98,49.37,25.38,49.77,0,118,49
,,,,,,,,,,,,,,,,,,L2,6,A,1650,C,g1,r13,g1,t2,0,6,3,8.8,5,0,0,0,1,-1,9,11,0,0,0,0,0,22.9,0,FALSE,FALSE,FALSE,TRUE,FALSE,zc,77,-8.75,-6.25,-3.25,5.5,3,-0.38,1,23.12,46.18,23.51,46.57,1.2,131,10
,,,,,,,,,,,,,,,,,,L3,6,A,1650,C,g1,r13,g1,t2,0,6,1,8.8,5,0,0,0,0,0,0,5,0,0,0,0,0,22.9,0,FALSE,FALSE,FALSE,TRUE,FALSE,ts,101,-6.25,-4,-4.75,1.5,-0.75,-0.31,5,24.38,48.45,24.4,48.47,15.2,131,24
,,,,,,,,,,,,,,,,,,L1,6,A,1650,C,g1,r13,g1,t2,0,6,3,8.8,5,0,0,0,-1,2,5,7,0,0,0,0,0,22.9,0,FALSE,FALSE,FALSE,TRUE,FALSE,zc,10,-3.75,-3,0.75,4.5,3.75,0.09,2,23.35,46.57,23.2,46.42,0,131,2.6
,,,,,,,,,,,,,,,,,,L3,8,A,1650,C,a1,r2,g3,t10,-1,-5,7,17,9,1,0,0,0,-1,-4,3,0,3,0,0,0,0,0,FALSE,TRUE,FALSE,FALSE,FALSE,zc,101,-1.25,-1.75,-5.5,-4.25,-3.75,-0.78,10,24.96,49.31,25.3,49.65,57,121,74
,,,,,,,,,,,,,,,,,,L1,8,A,1650,C,a1,r2,g3,t10,0,-5,-12,17,9,1,0,0,0,0,0,5,0,3,0,0,0,0,0,FALSE,TRUE,FALSE,FALSE,FALSE,ss,63,-2,-1.75,-4.5,-2.5,-2.75,0.9,12,23.83,48.98,23.95,49.1,0,121,13
,,,,,,,,,,,,,,,,,,L2,8,A,1650,C,a1,r2,g3,t10,-1,-5,4,17,9,1,0,0,0,0,0,5,0,3,0,0,0,0,0,FALSE,TRUE,FALSE,FALSE,FALSE,ts,77,-0.25,-0.5,-8.75,-8.5,-8.25,-1.16,11,24.82,48.88,25.32,49.38,89,121,106
,,,,,,,,,,,,,,,,,,L3,6,A,1650,C,g1,r15,g3,t11,0,40,0,2.5,6,1,0,0,0,0,5,7,0,0,0,0,22.7,0,0,FALSE,FALSE,TRUE,FALSE,FALSE,tc,154,-4,-3.5,-0.06,3.94,3.44,1.04,2,24.63,49.25,23.58,48.2,16.5,131,19
,,,,,,,,,,,,,,,,,,L1,6,A,1650,C,g1,r15,g3,t11,0,40,-1,2.5,6,1,0,0,-2,-4,8,9,0,0,0,0,22.7,0,0,FALSE,FALSE,TRUE,FALSE,FALSE,tc,98,-4.5,-4.75,-1.75,2.75,3,1,1,24.8,49.63,23.81,48.64,0,131,5.6
,,,,,,,,,,,,,,,,,,L2,6,A,1650,C,g1,r15,g3,t11,-1,40,18,2.5,6,1,0,0,0,0,5,9,0,0,0,0,22.7,0,0,FALSE,FALSE,TRUE,FALSE,FALSE,tc,119,-8.25,-8.75,-3.75,4.5,5,1.04,1,24.22,48.03,23.22,47.03,10.5,131,13
,,,,,,,,,,,,,,,,,,L3,6,A,1650,C,g2,r17,g4,t15,0,0,6,17,4,1,7,23.6,0,0,0,5,0,1,0,23.3,0,0,0,FALSE,TRUE,FALSE,FALSE,FALSE,ts,221,-8,-5.25,-9,-1,-3.75,-0.04,13,23.98,48.14,24.35,48.51,6,131,23
,,,,,,,,,,,,,,,,,,L2,6,A,1650,C,g2,r17,g4,t15,0,0,8,17,4,1,7,23.6,0,2,0,3,0,1,0,23.3,0,0,0,FALSE,TRUE,FALSE,FALSE,FALSE,tc,175,-1.75,0.75,2,3.75,-1.25,0.05,3,24.43,48.69,24.41,48.67,0,131,9.9
,,,,,,,,,,,,,,,,,,L1,6,A,1650,C,g2,r17,g4,t15,0,0,1,17,4,1,7,23.6,1,1,-1,9,0,1,0,23.3,0,0,0,FALSE,TRUE,FALSE,FALSE,FALSE,tc,98,-5.25,-3.5,-7.5,-2.25,-4,-0.46,9,24.99,49.5,24.99,49.5,0,131,14
,,,,,,,,,,,,,,,,,,L3,5,A,1650,C,g4,r30,g5,t22,-1,8,16,23,10,1,0,0,4,-3,-7,3,0,0,0,0,0,22.9,0,FALSE,FALSE,FALSE,TRUE,FALSE,zc,164,0.06,-1.5,-8,-8.06,-6.5,-1.02,12,25.67,49.62,25.37,49.32,97,129,120
,,,,,,,,,,,,,,,,,,L1,5,A,1650,C,g4,r30,g5,t22,0,8,10,23,10,1,0,0,0,0,0,5,0,0,0,0,0,22.9,0,FALSE,FALSE,FALSE,TRUE,FALSE,ss,63,-0.75,-1.5,-1.25,-0.5,0.25,1.2,8,24.44,49.63,24.24,49.43,0,129,10
,,,,,,,,,,,,,,,,,,L2,5,A,1650,C,g4,r30,g5,t22,0,8,-1,23,10,1,0,0,0,-5,6,7,0,0,0,0,0,22.9,0,FALSE,FALSE,FALSE,TRUE,FALSE,zc,94,-4.5,-5,-6.25,-1.75,-1.25,-0.29,3,23.69,47.14,23.72,47.17,0,129,19
,,,,,,,,,,,,,,,,,,L1,4,A,1650,C,g4,r29,NULL,NULL,-1,-33,14,45,12,1,0,0,0,-2,-1,9,0,0,0,0,0,22.5,0,FALSE,FALSE,FALSE,TRUE,FALSE,tc,105,-8.5,-6.25,-16.25,-7.75,-10,-1.35,11,25.15,49.42,25.97,50.24,0,128,40
,,,,,,,,,,,,,,,,,,L3,4,A,1650,C,g4,r29,NULL,NULL,-1,-33,7,45,12,1,0,0,-1,-1,0,11,0,0,0,0,0,22.5,0,FALSE,FALSE,FALSE,TRUE,FALSE,zc,136,-8.25,-8.75,-8.25,0,0.5,0,9,22.79,46.08,23.46,46.75,0,128,65
,,,,,,,,,,,,,,,,,,L2,4,A,1650,C,g4,r29,NULL,NULL,-1,-33,12,45,12,1,0,0,0,0,0,5,0,0,0,0,0,22.5,0,FALSE,FALSE,FALSE,TRUE,FALSE,ts,130,-6,-3.5,-5,1,-1.5,-0.46,9,24.07,47.93,24.62,48.48,107,128,152
,,,,,,,,,,,,,,,,,,L2,9,A,1650,C,g2,r18,g5,t18,0,0,-5,14,7,1,0,0,1,2,2,7,0,0,0,0,0,0,0,FALSE,FALSE,FALSE,FALSE,FALSE,tc,98,-4,-2,-1.5,2.5,0.5,0.25,4,24.44,48.91,24.1,48.57,0,128,13
,,,,,,,,,,,,,,,,,,L3,9,A,1650,C,g2,r18,g5,t18,-1,0,14,14,7,1,0,0,0,0,1,9,0,0,0,0,0,0,0,FALSE,FALSE,FALSE,FALSE,FALSE,tc,119,-8.5,-9.5,-6.5,2,3,0.8,2,23.76,47.65,23.44,47.33,9,128,23
,,,,,,,,,,,,,,,,,,L1,9,A,1650,C,g2,r18,g5,t18,0,0,-1,14,7,1,0,0,1,-1,-1,7,0,0,0,0,0,0,0,FALSE,FALSE,FALSE,FALSE,FALSE,zc,66,-4,-2.75,-4.5,-0.5,-1.75,-0.75,9,23.9,47.07,23.9,47.07,0,128,14
,,,,,,,,,,,,,,,,,,L1,6,A,1650,C,g3,r24,g5,t21,0,9,6,49,2,1,0,0,0,0,3,11,0,0,0,0,0,0,0,FALSE,FALSE,FALSE,FALSE,FALSE,ts,122,-7.25,-9,-7,0.25,2,-0.3,3,23.88,47.09,23.66,46.87,0,125,6.7
,,,,,,,,,,,,,,,,,,L3,6,A,1650,C,g3,r24,g5,t21,0,9,-2,49,2,1,0,0,0,0,0,11,0,0,0,0,0,0,0,FALSE,FALSE,FALSE,FALSE,FALSE,zc,192,-14.25,-14.25,-20,-5.75,-5.75,-1.15,13,24.61,47.95,24.44,47.78,87,125,136
,,,,,,,,,,,,,,,,,,L2,6,A,1650,C,g3,r24,g5,t21,0,9,-3,49,2,1,0,0,0,0,8,11,0,0,0,0,0,0,0,FALSE,FALSE,FALSE,FALSE,FALSE,zc,130,-11.5,-7,-3.75,7.75,3.25,0.98,1,23.05,46.98,22.88,46.81,61,125,110
,,,,,,,,,,,,,,,,,,L1,5,A,1650,C,a1,r1,g2,t7,0,-12,8,7.2,11,0,0,0,1,0,-4,1,0,0,0,0,22.7,0,0,FALSE,FALSE,TRUE,FALSE,FALSE,zc,3,0.06,2,-2.75,-2.81,-4.75,-1.78,9,24.8,47.92,25.1,48.22,2.8,125,10
,,,,,,,,,,,,,,,,,,L3,5,A,1650,C,a1,r1,g2,t7,0,-12,5,7.2,11,0,0,0,0,0,-1,3,0,0,0,0,22.7,0,0,FALSE,FALSE,TRUE,FALSE,FALSE,zc,77,-2.25,-2,-3,-0.75,-1,-0.63,7,24.17,47.59,24.17,47.59,0,125,5
,,,,,,,,,,,,,,,,,,L2,5,A,1650,C,a1,r1,g2,t7,0,-12,10,7.2,11,0,0,0,0,0,1,3,0,0,0,0,22.7,0,0,FALSE,FALSE,TRUE,FALSE,FALSE,zc,66,-2,-1.25,-1,1,0.25,-0.34,5,24.11,47.36,23.84,47.09,0,125,4.6
,,,,,,,,,,,,,,,,,,L1,7,A,1650,C,g2,r16,g4,t16,0,-5,-1,21,3,1,0,0,1,6,6,11,0,0,0,0,0,22.5,0,FALSE,FALSE,FALSE,TRUE,FALSE,tz,10,-9,-5.25,-2.75,6.25,2.5,-1.3,4,23.08,45.01,23.21,45.14,0,121,22
,,,,,,,,,,,,,,,,,,L3,7,A,1650,C,g2,r16,g4,t16,0,-5,-7,21,3,1,0,0,-1,-3,-3,5,0,0,0,0,0,22.5,0,FALSE,FALSE,FALSE,TRUE,FALSE,gz,147,-2,-2.25,-3.75,-1.75,-1.5,-0.71,9,22.95,45.84,23.43,46.32,0,121,16
,,,,,,,,,,,,,,,,,,L2,7,A,1650,C,g2,r16,g4,t16,0,-5,-5,21,3,1,0,0,0,0,-1,5,0,0,0,0,0,22.5,0,FALSE,FALSE,FALSE,TRUE,FALSE,zc,77,-3.5,-3,-3.75,-0.25,-0.75,-0.66,6,23.79,47.17,23.92,47.3,0,121,14
,,,,,,,,,,,,,,,,,,L2,7,A,1650,C,a2,r4,g3,t13,0,-4,-3,25,8,0,0,0,0,1,-3,7,0,10,0,22.9,0,23.2,0,FALSE,TRUE,FALSE,TRUE,FALSE,dd,81,-3.5,-5.25,-6.75,-3.25,-1.5,0.18,10,24.35,49.08,24.48,49.21,0,117,13
,,,,,,,,,,,,,,,,,,L3,7,A,1650,C,a2,r4,g3,t13,0,-4,-4,25,8,0,0,0,-1,0,3,5,0,10,0,22.9,0,23.2,0,FALSE,TRUE,FALSE,TRUE,FALSE,zc,108,-3.5,-3.25,-2.75,0.75,0.5,0.32,3,22.9,46.29,22.97,46.36,0,117,5.9
,,,,,,,,,,,,,,,,,,L1,7,A,1650,C,a2,r4,g3,t13,0,-4,-2,25,8,0,0,0,2,0,0,3,0,10,0,22.9,0,23.2,0,FALSE,TRUE,FALSE,TRUE,FALSE,zc,10,-2,-1.25,-1.25,0.75,0,-0.37,7,23.44,46.66,23.54,46.76,0,117,7.3
,,,,,,,,,,,,,,,,,,L2,5,A,1650,C,g1,r14,g2,t6,0,-8,-6,4.6,1,1,0,0,0,0,0,5,0,2,0,0,0,0,0,FALSE,TRUE,FALSE,FALSE,FALSE,dd,112,-4.75,-3.75,-4.75,0,-1,-0.96,6,24.83,49.12,25.1,49.39,0,114,5.3
,,,,,,,,,,,,,,,,,,L1,5,A,1650,C,g1,r14,g2,t6,0,-8,-4,4.6,1,1,0,0,-2,1,2,7,0,2,0,0,0,0,0,FALSE,TRUE,FALSE,FALSE,FALSE,tc,70,-4.5,-5.25,-3.75,0.75,1.5,1.01,2,23.37,48.05,23.57,48.25,0,114,4.4
,,,,,,,,,,,,,,,,,,L3,5,A,1650,C,g1,r14,g2,t6,0,-8,-6,4.6,1,1,0,0,0,0,0,5,0,2,0,0,0,0,0,FALSE,TRUE,FALSE,FALSE,FALSE,ss,140,-5.25,-3,-3,2.25,0,-0.03,4,23.71,47.66,23.83,47.78,0,114,4.8
,,,,,,,,,,,,,,,,,,L2,7,A,1650,C,a1,r1,g2,t5,-1,-7,15,17,10,1,0,0,0,1,-1,7,0,0,0,0,22.9,0,0,FALSE,FALSE,TRUE,FALSE,FALSE,dd,112,-6.5,-5.5,-14.25,-7.75,-8.75,-1.2,7,24.48,47.44,24.53,47.49,42,133,59
,,,,,,,,,,,,,,,,,,L1,7,A,1650,C,a1,r1,g2,t5,0,-7,0,17,10,1,0,0,0,1,3,11,0,0,0,0,22.9,0,0,FALSE,FALSE,TRUE,FALSE,FALSE,zc,87,-10.75,-6,-3.75,7,2.25,0,4,22.41,44.99,22.58,45.16,0,133,17
,,,,,,,,,,,,,,,,,,L3,7,A,1650,C,a1,r1,g2,t5,0,-7,3,17,10,1,0,0,1,-1,1,11,0,0,0,0,22.9,0,0,FALSE,FALSE,TRUE,FALSE,FALSE,zc,130,-6.5,-5,-4.25,2.25,0.75,-0.23,6,22.78,45.5,23.02,45.74,10,133,27
,,,,,,,,,,,,,,,,,,L3,6,A,1650,C,g1,r13,g3,t12,0,-1,0,5.6,5,1,0,0,0,0,-1,3,0,0,0,0,0,0,0,FALSE,FALSE,FALSE,FALSE,FALSE,tc,140,-2.5,-1.25,-1.25,1.25,0,0.99,9,23.51,48.08,23.58,48.15,0,128,8.2
,,,,,,,,,,,,,,,,,,L2,6,A,1650,C,g1,r13,g3,t12,0,-1,0,5.6,5,1,0,0,2,1,-9,3,0,0,0,0,0,0,0,FALSE,FALSE,FALSE,FALSE,FALSE,tc,98,-0.75,-0.06,-7,-6.25,-6.94,-1.07,12,24.97,48.42,24.52,47.97,4.4,128,10
,,,,,,,,,,,,,,,,,,L1,6,A,1650,C,g1,r13,g3,t12,0,-1,3,5.6,5,1,0,0,1,0,-9,3,0,0,0,0,0,0,0,FALSE,FALSE,FALSE,FALSE,FALSE,zc,77,-1.25,-0.75,-7.25,-6,-6.5,-0.09,11,23.93,47.72,23.95,47.74,58.4,128,64
,,,,,,,,,,,,,,,,,,L1,6,A,1650,C,g2,r18,g5,t18,0,4,0,11,4,0,0,0,0,1,4,7,0,0,0,0,22.2,0,0,FALSE,FALSE,TRUE,FALSE,FALSE,tc,119,-5.25,-4,-2.5,2.75,1.5,0.85,3,23.34,47.43,23.24,47.33,0,126,15
,,,,,,,,,,,,,,,,,,L2,6,A,1650,C,g2,r18,g5,t18,0,4,1,11,4,0,0,0,-1,-1,-1,7,0,0,0,0,22.2,0,0,FALSE,FALSE,TRUE,FALSE,FALSE,tc,140,-4.75,-3.75,-3,1.75,0.75,1.16,5,23.72,48.33,23.47,48.08,0,126,6.9
,,,,,,,,,,,,,,,,,,L3,6,A,1650,C,g2,r18,g5,t18,0,4,-1,11,4,0,0,0,-1,0,3,5,0,0,0,0,22.2,0,0,FALSE,FALSE,TRUE,FALSE,FALSE,tc,175,-4.5,-2.75,-1.25,3.25,1.5,-0.31,4,24.27,47.91,23.93,47.57,0,126,8.2
,,,,,,,,,,,,,,,,,,L1,6,A,1650,C,g1,r15,g2,t6,0,-21,6,9.2,7,0,0,0,0,0,0,5,0,2,0,0,0,0,0,FALSE,TRUE,FALSE,FALSE,FALSE,ss,70,-0.5,-0.75,-7.5,-7,-6.75,0.53,11,24.46,49.82,24.98,50.34,29.8,125,39
,,,,,,,,,,,,,,,,,,L3,6,A,1650,C,g1,r15,g2,t6,0,-21,3,9.2,7,0,0,0,-1,1,-1,3,0,2,0,0,0,0,0,FALSE,TRUE,FALSE,FALSE,FALSE,tc,140,-1.25,-1.5,-0.75,0.5,0.75,0.67,8,23.33,47.68,23.75,48.1,1.8,125,11
,,,,,,,,,,,,,,,,,,L2,6,A,1650,C,g1,r15,g2,t6,0,-21,2,9.2,7,0,0,0,-1,1,-8,1,0,2,0,0,0,0,0,FALSE,TRUE,FALSE,FALSE,FALSE,tc,98,-0.5,0.06,-5.25,-4.75,-5.31,-0.75,11,23.84,47.33,24.29,47.78,9.8,125,19
,,,,,,,,,,,,,,,,,,L3,6,A,1650,C,g4,r30,g1,t2,0,0,0,26,9,0,0,0,1,0,3,7,0,0,0,0,22.9,0,0,FALSE,FALSE,TRUE,FALSE,FALSE,tc,126,-3.75,-4.25,-1.5,2.25,2.75,1.22,4,23.45,48.27,23.6,48.42,0,123,3.5
,,,,,,,,,,,,,,,,,,L1,6,A,1650,C,g4,r30,g1,t2,0,0,-3,26,9,0,0,0,-1,0,-4,3,0,0,0,0,22.9,0,0,FALSE,FALSE,TRUE,FALSE,FALSE,dd,105,-2.5,-3.25,-6,-3.5,-2.75,0.45,8,22.95,46.42,22.95,46.42,0,123,8.1
,,,,,,,,,,,,,,,,,,L2,6,A,1650,C,g4,r30,g1,t2,0,0,2,26,9,0,0,0,0,0,0,5,0,0,0,0,22.9,0,0,FALSE,FALSE,TRUE,FALSE,FALSE,ts,115,-3,-1.75,-1.5,1.5,0.25,-0.85,9,23.83,46.91,23.98,47.06,0,123,15
,,,,,,,,,,,,,,,,,,L3,6,A,1650,C,a2,r7,g1,t2,1,2,-10,3.4,1,0,0,0,0,0,0,1,0,0,0,0,0,22.3,0,FALSE,FALSE,FALSE,TRUE,FALSE,tc,105,1,1.25,1.25,-0.25,0,-0.03,9,24.11,48.26,23.93,48.08,0,120,5.5
,,,,,,,,,,,,,,,,,,L1,6,A,1650,C,a2,r7,g1,t2,0,2,3,3.4,1,0,0,0,0,0,-2,1,0,0,0,0,0,22.3,0,FALSE,FALSE,FALSE,TRUE,FALSE,tc,7,-1,-1,-2.5,-1.5,-1.5,0.53,9,23.79,47.99,23.74,47.94,0,120,2.4
,,,,,,,,,,,,,,,,,,L2,6,A,1650,C,a2,r7,g1,t2,0,2,2,3.4,1,0,0,0,0,0,0,5,0,0,0,0,0,22.3,0,FALSE,FALSE,FALSE,TRUE,FALSE,ss,70,-4.5,-2.5,-1,3.5,1.5,1.5,1,23.7,48.7,23.55,48.55,0,120,5.5
,,,,,,,,,,,,,,,,,,L1,8,A,1650,C,g3,r24,g5,t18,0,-2,-3,40,2,0,0,0,1,0,-4,3,0,0,0,0,0,0,0,FALSE,FALSE,FALSE,FALSE,FALSE,dd,105,-2.25,-3.25,-5.5,-3.25,-2.25,0.57,6,22.82,46.33,22.87,46.38,0,120,37
,,,,,,,,,,,,,,,,,,L3,8,A,1650,C,g3,r24,g5,t18,0,-2,1,40,2,0,0,0,0,-1,3,9,0,0,0,0,0,0,0,FALSE,FALSE,FALSE,FALSE,FALSE,dd,203,-5,-4.5,-4.25,0.75,0.25,1.65,4,23.95,49.05,23.47,48.57,0,120,37
,,,,,,,,,,,,,,,,,,L2,8,A,1650,C,g3,r24,g5,t18,0,-2,3,40,2,0,0,0,2,1,1,5,0,0,0,0,0,0,0,FALSE,FALSE,FALSE,FALSE,FALSE,dd,147,-1.5,-6,-13.5,-12,-7.5,-1.68,7,26.72,51.34,26.37,50.99,0,120,29
,,,,,,,,,,,,,,,,,,L2,5,A,1650,C,g4,r29,g2,t8,1,16,-1,3.1,6,0,0,0,0,-2,-5,3,0,4,0,0,0,0,0,FALSE,TRUE,FALSE,FALSE,FALSE,dd,112,-2.25,-2.5,-9,-6.75,-6.5,-1.58,12,25.64,49.35,25.27,48.98,0,119,6.7
,,,,,,,,,,,,,,,,,,L3,5,A,1650,C,g4,r29,g2,t8,1,16,-1,3.1,6,0,0,0,0,1,-1,3,0,4,0,0,0,0,0,FALSE,TRUE,FALSE,FALSE,FALSE,dd,130,-1.5,-0.75,-0.5,1,0.25,1.04,4,24.3,49.02,23.66,48.38,0,119,6.9
,,,,,,,,,,,,,,,,,,L1,5,A,1650,C,g4,r29,g2,t8,1,16,-13,3.1,6,0,0,0,-1,1,6,7,0,4,0,0,0,0,0,FALSE,TRUE,FALSE,FALSE,FALSE,tc,84,-5.5,-5.5,0.5,6,6,1.36,1,22.73,46.75,22.34,46.36,8.9,119,12
,,,,,,,,,,,,,,,,,,L2,9,A,1650,C,a4,r12,g5,t18,0,-15,-3,54,3,0,6,22,1,-1,-1,7,0,0,0,0,0,0,0,FALSE,FALSE,FALSE,FALSE,FALSE,zc,101,-4.75,-5.75,-9.25,-4.5,-3.5,-1.44,7,24.85,48.68,25.2,49.03,0,117,62
,,,,,,,,,,,,,,,,,,L3,9,A,1650,C,a4,r12,g5,t18,0,-15,-5,54,3,0,6,22,0,-1,2,7,0,0,0,0,0,0,0,FALSE,FALSE,FALSE,FALSE,FALSE,tc,119,-5.25,-4,-4.75,0.5,-0.75,0.48,6,23.19,47.28,23.49,47.58,0,117,48
,,,,,,,,,,,,,,,,,,L1,9,A,1650,C,a4,r12,g5,t18,0,-15,1,54,3,0,6,22,0,1,-7,3,0,0,0,0,0,0,0,FALSE,FALSE,FALSE,FALSE,FALSE,zc,77,-1.75,-1.5,-7,-5.25,-5.5,0.12,10,23.36,47.19,23.73,47.56,51,117,105
,,,,,,,,,,,,,,,,,,L2,4,A,1650,C,g2,r16,g5,t18,0,29,0,10,8,0,0,0,0,3,7,11,3,0,23.3,0,0,0,0,TRUE,FALSE,FALSE,FALSE,FALSE,dd,112,-9.5,-6,-3,6.5,3,-0.14,2,23.21,46.03,22.96,45.78,0,117,8.5
,,,,,,,,,,,,,,,,,,L1,4,A,1650,C,g2,r16,g5,t18,0,29,-1,10,8,0,0,0,1,0,0,9,3,0,23.3,0,0,0,0,TRUE,FALSE,FALSE,FALSE,FALSE,gz,63,-6.25,-6.75,-4.5,1.75,2.25,-0.13,7,23.56,46.29,22.84,45.57,76,117,86
,,,,,,,,,,,,,,,,,,L3,4,A,1650,C,g2,r16,g5,t18,0,29,-1,10,8,0,0,0,-1,0,-1,5,3,0,23.3,0,0,0,0,TRUE,FALSE,FALSE,FALSE,FALSE,dd,130,-2,-2.25,-3.75,-1.75,-1.5,0.3,7,24.47,48.57,23.78,47.88,0,117,3.1
,,,,,,,,,,,,,,,,,,L1,4,B,1600,A+3,g2,r16,g5,t20,0,4,1,15,7,1,0,0,0,0,-2,3,10,0,23,0,0,0,0,TRUE,FALSE,FALSE,FALSE,FALSE,tc,84,-3,-3.25,-2.75,0.25,0.5,0.98,7,23.14,47.14,23.04,47.04,0,131,10
,,,,,,,,,,,,,,,,,,L3,4,B,1600,A+3,g2,r16,g5,t20,0,4,5,15,7,1,0,0,0,0,0,5,10,0,23,0,0,0,0,TRUE,FALSE,FALSE,FALSE,FALSE,ts,147,-3.5,-2.5,-9.25,-5.75,-6.75,-0.53,11,24.86,49.02,24.81,48.97,0,131,3.9
,,,,,,,,,,,,,,,,,,L2,4,B,1600,A+3,g2,r16,g5,t20,0,4,5,15,7,1,0,0,0,1,-1,1,10,0,23,0,0,0,0,TRUE,FALSE,FALSE,FALSE,FALSE,tc,112,-0.06,0.75,-1.5,-1.44,-2.25,0.18,4,24.37,48.55,24.12,48.3,0,131,4.8
,,,,,,,,,,,,,,,,,,L1,8,B,1600,A+3,g2,r18,g4,t17,0,-9,0,20,8,1,0,0,0,0,6,11,0,7,0,22.3,0,0,22,FALSE,TRUE,FALSE,FALSE,TRUE,tc,112,-6.25,-5,-4.5,1.75,0.5,0.28,2,23.48,47.46,23.7,47.68,0,129,22
,,,,,,,,,,,,,,,,,,L3,8,B,1600,A+3,g2,r18,g4,t17,0,-9,-4,20,8,1,0,0,1,-1,3,11,0,7,0,22.3,0,0,22,FALSE,TRUE,FALSE,FALSE,TRUE,tc,161,-8.75,-4.75,-9.25,-0.5,-4.5,-1.11,9,24.48,48.15,24.68,48.35,0,129,11
,,,,,,,,,,,,,,,,,,L2,8,B,1600,A+3,g2,r18,g4,t17,0,-9,-2,20,8,1,0,0,-1,0,5,11,0,7,0,22.3,0,0,22,FALSE,TRUE,FALSE,FALSE,TRUE,tc,133,-11.25,-9,-6.5,4.75,2.5,-0.66,3,23.5,46.59,23.7,46.79,0,129,26
,,,,,,,,,,,,,,,,,,L3,4,B,1600,A+3,g1,r13,g2,t9,0,8,6,2.1,1,0,0,0,0,4,0,11,0,0,0,0,22.8,0,0,FALSE,FALSE,TRUE,FALSE,FALSE,zc,154,-6.5,-5,-7.25,-0.75,-2.25,-1.89,8,25.72,48.85,25.17,48.3,17.9,128,20
,,,,,,,,,,,,,,,,,,L2,4,B,1600,A+3,g1,r13,g2,t9,0,8,11,2.1,1,0,0,0,0,-2,2,3,0,0,0,0,22.8,0,0,FALSE,FALSE,TRUE,FALSE,FALSE,tc,112,-1.75,-2,-3.5,-1.75,-1.5,0.22,4,24.75,48.97,24.27,48.49,125.9,128,128
,,,,,,,,,,,,,,,,,,L1,4,B,1600,A+3,g1,r13,g2,t9,0,8,8,2.1,1,0,0,0,0,1,5,7,0,0,0,0,22.8,0,0,FALSE,FALSE,TRUE,FALSE,FALSE,tc,84,-6.25,-5.5,1.5,7.75,7,1.6,1,22.64,46.48,22.44,46.28,0,128,8.7
,,,,,,,,,,,,,,,,,,L1,5,B,1600,A+3,g4,r30,g3,t12,0,-7,0,19,6,0,4,23.5,0,0,0,5,0,0,0,0,22.2,0,0,FALSE,FALSE,TRUE,FALSE,FALSE,ts,63,-6.25,-4,-3.75,2.5,0.25,0.59,4,23.22,47.2,23.39,47.37,14,125,33
,,,,,,,,,,,,,,,,,,L2,5,B,1600,A+3,g4,r30,g3,t12,0,-7,-1,19,6,0,4,23.5,-2,0,-6,5,0,0,0,0,22.2,0,0,FALSE,FALSE,TRUE,FALSE,FALSE,ts,105,-1.5,-2.5,-7.75,-6.25,-5.25,-0.62,11,24.03,47.54,24.11,47.62,0,125,14
,,,,,,,,,,,,,,,,,,L3,5,B,1600,A+3,g4,r30,g3,t12,0,-7,1,19,6,0,4,23.5,0,0,0,5,0,0,0,0,22.2,0,0,FALSE,FALSE,TRUE,FALSE,FALSE,ts,127,-8,-4.75,-0.75,7.25,4,0.29,1,23.15,46.89,23.47,47.21,2,125,21
,,,,,,,,,,,,,,,,,,L2,7,B,1600,A+3,a1,r1,g2,t5,0,-5,1,23,10,0,0,0,0,0,0,5,0,0,0,0,0,0,0,FALSE,FALSE,FALSE,FALSE,FALSE,gs,81,-3.75,-3.25,-4.5,-0.75,-1.25,0.2,8,23.72,47.66,23.76,47.7,0,125,6.5
,,,,,,,,,,,,,,,,,,L3,7,B,1600,A+3,a1,r1,g2,t5,0,-5,3,23,10,0,0,0,0,3,3,11,0,0,0,0,0,0,0,FALSE,FALSE,FALSE,FALSE,FALSE,gs,221,-7,-4.5,-3.5,3.5,1,0.45,4,22.12,45.59,23.09,46.56,0,125,6.7
,,,,,,,,,,,,,,,,,,L1,7,B,1600,A+3,a1,r1,g2,t5,0,-5,4,23,10,0,0,0,0,0,0,5,0,0,0,0,0,0,0,FALSE,FALSE,FALSE,FALSE,FALSE,ts,63,-6.25,-4.25,-1.25,5,3,1.07,1,22.93,46.95,23.05,47.07,0,125,43
,,,,,,,,,,,,,,,,,,L2,4,B,1600,A+3,g3,r24,g4,t16,0,-1,-3,16,3,0,0,0,-3,1,-1,3,0,0,0,0,23,0,0,FALSE,FALSE,TRUE,FALSE,FALSE,zc,78,-1.5,-1.75,-3.75,-2.25,-2,-0.36,9,23.22,46.13,23.2,46.11,8,122,24
,,,,,,,,,,,,,,,,,,L1,4,B,1600,A+3,g3,r24,g4,t16,0,-1,0,16,3,0,0,0,0,1,1,11,0,0,0,0,23,0,0,FALSE,FALSE,TRUE,FALSE,FALSE,tc,70,-10.5,-6.75,-9.5,1,-2.75,-0.75,5,23.95,47.17,23.97,47.19,0,122,13
,,,,,,,,,,,,,,,,,,L3,4,B,1600,A+3,g3,r24,g4,t16,0,-1,-3,16,3,0,0,0,2,1,1,7,0,0,0,0,23,0,0,FALSE,FALSE,TRUE,FALSE,FALSE,tz,127,-5.75,-5.25,-2.25,3.5,3,-0.75,5,22.75,44.9,22.83,44.98,38,122,54
,,,,,,,,,,,,,,,,,,L1,4,B,1600,A+3,a3,r5,g2,t8,0,9,3,287,9,0,0,0,0,-1,2,9,0,0,0,0,0,0,0,FALSE,FALSE,FALSE,FALSE,FALSE,gs,67,-6,-6,-5,1,1,0.85,5,23.65,47.85,23.42,47.62,-188,122,99
,,,,,,,,,,,,,,,,,,L2,4,B,1600,A+3,a3,r5,g2,t8,0,9,5,287,9,0,0,0,-3,-3,-2,7,0,0,0,0,0,0,0,FALSE,FALSE,FALSE,FALSE,FALSE,tc,84,-6.5,-7.25,-11.75,-5.25,-4.5,0.24,14,23.77,47.85,23.96,48.04,-152,122,135
,,,,,,,,,,,,,,,,,,L3,4,B,1600,A+3,a3,r5,g2,t8,0,9,7,287,9,0,0,0,-1,-3,4,11,0,0,0,0,0,0,0,FALSE,FALSE,FALSE,FALSE,FALSE,zc,98,-7.75,-7.75,-10.25,-2.5,-2.5,-0.92,8,24.64,48.29,24.74,48.39,-147,122,140
,,,,,,,,,,,,,,,,,,L2,6,B,1600,A+3,g1,r15,g1,t2,0,15,3,3.2,4,0,0,0,-1,1,-1,1,0,0,0,0,0,0,0,FALSE,FALSE,FALSE,FALSE,FALSE,tc,175,-0.5,0.25,-0.06,0.44,-0.31,0.87,6,22.72,46.46,22.94,46.68,0,120,8.2
,,,,,,,,,,,,,,,,,,L1,6,B,1600,A+3,g1,r15,g1,t2,0,15,2,3.2,4,0,0,0,0,0,0,5,0,0,0,0,0,0,0,FALSE,FALSE,FALSE,FALSE,FALSE,ts,63,-1.75,-1.25,-2,-0.25,-0.75,0.68,7,24,48.26,23.63,47.89,9.8,120,13
,,,,,,,,,,,,,,,,,,L3,6,B,1600,A+3,g1,r15,g1,t2,0,15,2,3.2,4,0,0,0,2,1,7,11,0,0,0,0,0,0,0,FALSE,FALSE,FALSE,FALSE,FALSE,zc,196,-6.25,-6,-4.75,1.5,1.25,0.51,2,23.05,46.44,22.93,46.32,77.8,120,81
,,,,,,,,,,,,,,,,,,L2,5,B,1600,A+3,g2,r17,g3,t10,0,15,3,13,5,1,13,21.6,0,-1,5,7,0,0,0,0,0,0,0,FALSE,FALSE,FALSE,FALSE,FALSE,zc,119,-3,-4.25,-0.5,2.5,3.75,0.36,2,23.4,46.39,22.7,45.69,0,119,11
,,,,,,,,,,,,,,,,,,L3,5,B,1600,A+3,g2,r17,g3,t10,1,15,-11,13,5,1,13,21.6,1,0,4,5,0,0,0,0,0,0,0,FALSE,FALSE,FALSE,FALSE,FALSE,zc,147,-2.25,-1.75,0.5,2.75,2.25,0.73,3,22.97,46.6,22.63,46.26,0,119,9
,,,,,,,,,,,,,,,,,,L1,5,B,1600,A+3,g2,r17,g3,t10,0,15,1,13,5,1,13,21.6,-1,1,0,5,0,0,0,0,0,0,0,FALSE,FALSE,FALSE,FALSE,FALSE,tc,84,-4.75,-4.25,-2.25,2.5,2,1.08,4,23.2,47.08,22.82,46.7,0,119,15
,,,,,,,,,,,,,,,,,,L3,5,B,1600,A+3,g1,r14,g3,t13,0,-11,1,10,2,1,6,23.5,0,0,0,7,0,0,0,0,0,0,0,FALSE,FALSE,FALSE,FALSE,FALSE,gs,116,-7,-7.75,-6,1,1.75,0.55,5,23.32,47.17,23.32,47.17,27,118,37
,,,,,,,,,,,,,,,,,,L1,5,B,1600,A+3,g1,r14,g3,t13,0,-11,2,10,2,1,6,23.5,3,1,1,11,0,0,0,0,0,0,0,FALSE,FALSE,FALSE,FALSE,FALSE,tc,70,-8.5,-4.75,-7.5,1,-2.75,-0.76,6,23.76,46.98,24.03,47.25,0,118,16
,,,,,,,,,,,,,,,,,,L2,5,B,1600,A+3,g1,r14,g3,t13,0,-11,3,10,2,1,6,23.5,0,5,5,11,0,0,0,0,0,0,0,FALSE,FALSE,FALSE,FALSE,FALSE,tc,98,-6.75,-3.5,-0.5,6.25,3,-0.33,1,24.38,48.13,24.15,47.9,0,118,9.8
,,,,,,,,,,,,,,,,,,L3,6,A,1650,B,g2,r17,g5,t20,-1,-8,17,27,11,1,0,0,2,-1,-1,5,0,0,0,0,0,0,0,FALSE,FALSE,FALSE,FALSE,FALSE,tz,199,-3,-2.5,-2,1,0.5,-0.77,6,22.92,45.32,23.59,45.99,65,133,92
,,,,,,,,,,,,,,,,,,L2,6,A,1650,B,g2,r17,g5,t20,-1,-8,22,27,11,1,0,0,-1,-1,-3,9,0,0,0,0,0,0,0,FALSE,FALSE,FALSE,FALSE,FALSE,zc,164,-5.25,-4,-9.5,-4.25,-5.5,-1.41,14,25.04,48.57,25.49,49.02,164,133,191
,,,,,,,,,,,,,,,,,,L1,6,A,1650,B,g2,r17,g5,t20,0,-8,0,27,11,1,0,0,1,0,4,9,0,0,0,0,0,0,0,FALSE,FALSE,FALSE,FALSE,FALSE,tc,98,-4.5,-5,-1.75,2.75,3.25,0.59,2,23.44,47.67,23.64,47.87,0,133,20
,,,,,,,,,,,,,,,,,,L2,7,A,1650,B,a3,r6,g5,t21,0,-8,0,36,7,1,13,22.8,0,1,1,7,0,0,0,0,0,0,0,FALSE,FALSE,FALSE,FALSE,FALSE,tc,98,-8,-4.75,-4.5,3.5,0.25,0.11,6,23.88,47.99,24,48.11,0,124,22
,,,,,,,,,,,,,,,,,,L1,7,A,1650,B,a3,r6,g5,t21,0,-8,-4,36,7,1,13,22.8,0,0,0,5,0,0,0,0,0,0,0,FALSE,FALSE,FALSE,FALSE,FALSE,ts,70,-6.25,-4,-5,1.25,-1,-0.23,7,23.67,47.41,23.87,47.61,0,124,54
,,,,,,,,,,,,,,,,,,L3,7,A,1650,B,a3,r6,g5,t21,0,-8,6,36,7,1,13,22.8,0,2,3,5,0,0,0,0,0,0,0,FALSE,FALSE,FALSE,FALSE,FALSE,tc,119,-5.75,-4,0.12,5.87,4.12,0.84,4,23.41,47.83,23.73,48.15,0,124,21
,,,,,,,,,,,,,,,,,,L2,6,A,1650,B,a1,r1,g2,t5,0,-7,5,4.7,9,1,0,0,-1,0,3,5,0,4,0,23.9,0,0,0,FALSE,TRUE,FALSE,FALSE,FALSE,tc,77,-2.5,-3,-0.01,2.49,2.99,1.14,3,23.69,48.25,23.54,48.1,0,126,6
,,,,,,,,,,,,,,,,,,L1,6,A,1650,B,a1,r1,g2,t5,0,-7,1,4.7,9,1,0,0,-1,1,3,5,0,4,0,23.9,0,0,0,FALSE,TRUE,FALSE,FALSE,FALSE,tc,56,-4.5,-3.75,-1,3.5,2.75,0.55,4,23.77,48.24,23.94,48.41,0,126,3.9
,,,,,,,,,,,,,,,,,,L3,6,A,1650,B,a1,r1,g2,t5,0,-7,1,4.7,9,1,0,0,0,1,6,9,0,4,0,23.9,0,0,0,FALSE,TRUE,FALSE,FALSE,FALSE,tc,98,-9,-5.5,-2.25,6.75,3.25,0.55,1,23.62,47.69,23.54,47.61,0,126,9.9
,,,,,,,,,,,,,,,,,,L1,7,A,1650,B,g1,r14,g5,t21,0,-11,-2,17,8,0,0,0,1,1,4,11,0,0,0,0,0,0,0,FALSE,FALSE,FALSE,FALSE,FALSE,tc,56,-8.75,-6.25,-3,5.75,3.25,0.35,3,23.52,47.71,23.79,47.98,19,125,36
,,,,,,,,,,,,,,,,,,L2,7,A,1650,B,g1,r14,g5,t21,0,-11,-2,17,8,0,0,0,3,0,-2,3,0,0,0,0,0,0,0,FALSE,FALSE,FALSE,FALSE,FALSE,tc,77,-1.75,-2,-0.75,1,1.25,0.8,5,23.67,48.19,23.67,48.19,0,125,17
,,,,,,,,,,,,,,,,,,L3,7,A,1650,B,g1,r14,g5,t21,0,-11,-5,17,8,0,0,0,1,0,2,9,0,0,0,0,0,0,0,FALSE,FALSE,FALSE,FALSE,FALSE,tc,98,-5,-5.5,-3,2,2.5,0.45,3,23.53,47.76,23.66,47.89,0,125,8.6
,,,,,,,,,,,,,,,,,,L3,6,A,1650,B,g1,r15,g1,t2,0,3,-2,4.7,3,1,0,0,0,0,0,5,0,10,0,22.3,0,0,0,FALSE,TRUE,FALSE,FALSE,FALSE,ss,91,-5.5,-5.5,-6,-0.5,-0.5,-0.11,11,24.27,48.33,24.12,48.18,5.3,125,10
,,,,,,,,,,,,,,,,,,L1,6,A,1650,B,g1,r15,g1,t2,0,3,-1,4.7,3,1,0,0,1,0,-1,5,0,10,0,22.3,0,0,0,FALSE,TRUE,FALSE,FALSE,FALSE,zc,66,-4.5,-2.25,-7,-2.5,-4.75,-0.8,10,24.31,47.77,24.24,47.7,33.3,125,38
,,,,,,,,,,,,,,,,,,L2,6,A,1650,B,g1,r15,g1,t2,0,3,-3,4.7,3,1,0,0,1,4,3,9,0,10,0,22.3,0,0,0,FALSE,TRUE,FALSE,FALSE,FALSE,ts,80,-3,-3.25,-4,-1,-0.75,0.16,5,24.36,48.63,24.04,48.31,48.3,125,53
,,,,,,,,,,,,,,,,,,L3,6,A,1650,B,g1,r13,g2,t9,0,29,-3,5.5,1,1,9,22.2,1,1,3,7,0,0,0,0,0,0,0,FALSE,FALSE,FALSE,FALSE,FALSE,zc,179,-5,-2.75,-1.5,3.5,1.25,-0.8,5,24.09,47.13,23.77,46.81,31.5,123,37
,,,,,,,,,,,,,,,,,,L2,6,A,1650,B,g1,r13,g2,t9,0,29,-5,5.5,1,1,9,22.2,-1,0,0,5,0,0,0,0,0,0,0,FALSE,FALSE,FALSE,FALSE,FALSE,tc,154,-6.25,-3.5,-1.5,4.75,2,0.04,5,24.66,48.84,24.02,48.2,0,123,2.7
,,,,,,,,,,,,,,,,,,L1,6,A,1650,B,g1,r13,g2,t9,0,29,-3,5.5,1,1,9,22.2,6,-2,-6,7,0,0,0,0,0,0,0,FALSE,FALSE,FALSE,FALSE,FALSE,tc,140,-3.75,-3,-9.75,-6,-6.75,-1.58,12,25.82,49.41,25.1,48.69,0,123,6.7
,,,,,,,,,,,,,,,,,,L3,7,A,1650,B,g2,r16,g5,t18,0,28,5,17,5,0,0,0,-1,0,7,9,0,12,0,23,0,0,0,FALSE,TRUE,FALSE,FALSE,FALSE,tc,154,-9.25,-6.25,-0.25,9,6,0.61,1,24.08,48.22,23.65,47.79,8,123,25
,,,,,,,,,,,,,,,,,,L1,7,A,1650,B,g2,r16,g5,t18,0,28,1,17,5,0,0,0,0,0,5,9,0,12,0,23,0,0,0,FALSE,TRUE,FALSE,FALSE,FALSE,tc,119,-9.5,-7.5,-2.75,6.75,4.75,0.92,3,24.18,48.56,23.48,47.86,0,123,12
,,,,,,,,,,,,,,,,,,L2,7,A,1650,B,g2,r16,g5,t18,0,28,5,17,5,0,0,0,-1,2,3,5,0,12,0,23,0,0,0,FALSE,TRUE,FALSE,FALSE,FALSE,tc,140,-4,-2.5,0.12,4.12,2.62,-0.21,3,24.45,47.92,23.8,47.27,0,123,4.2
,,,,,,,,,,,,,,,,,,L2,7,A,1650,B,a2,r7,g5,t19,0,21,-6,74,12,0,0,0,0,1,3,11,0,9,0,22.7,0,0,0,FALSE,TRUE,FALSE,FALSE,FALSE,tc,98,-9.5,-5.75,-4.5,5,1.25,0.19,3,24.19,48.22,23.69,47.72,0,122,39
,,,,,,,,,,,,,,,,,,L3,7,A,1650,B,a2,r7,g5,t19,0,21,-8,74,12,0,0,0,0,-1,0,11,0,9,0,22.7,0,0,0,FALSE,TRUE,FALSE,FALSE,FALSE,tc,133,-5,-5.25,-6.75,-1.75,-1.5,0.29,6,24.52,48.66,23.65,47.79,0,122,35
,,,,,,,,,,,,,,,,,,L1,7,A,1650,B,a2,r7,g5,t19,0,21,-2,74,12,0,0,0,0,1,0,9,0,9,0,22.7,0,0,0,FALSE,TRUE,FALSE,FALSE,FALSE,tc,63,-6.5,-5.75,-5.25,1.25,0.5,0.68,6,23.87,47.95,23.35,47.43,0,122,43
,,,,,,,,,,,,,,,,,,L2,7,A,1650,B,g2,r18,g1,t1,0,8,-7,4.4,2,1,0,0,2,6,6,9,0,0,0,0,0,0,0,FALSE,FALSE,FALSE,FALSE,FALSE,tz,108,-7,-4.25,-1.25,5.75,3,-0.77,2,23.02,45.25,22.83,45.06,17.6,121,22
,,,,,,,,,,,,,,,,,,L3,7,A,1650,B,g2,r18,g1,t1,0,8,-10,4.4,2,1,0,0,0,4,4,11,0,0,0,0,0,0,0,FALSE,FALSE,FALSE,FALSE,FALSE,gz,133,-7.5,-5.5,-5,2.5,0.5,-0.31,3,22.74,45.29,22.61,45.16,7.6,121,12
,,,,,,,,,,,,,,,,,,L1,7,A,1650,B,g2,r18,g1,t1,0,8,-6,4.4,2,1,0,0,1,5,5,11,0,0,0,0,0,0,0,FALSE,FALSE,FALSE,FALSE,FALSE,tz,94,-6.25,-7,-4,2.25,3,-1.15,1,23.98,46.31,23.33,45.66,0,121,7.1
,,,,,,,,,,,,,,,,,,L1,4,A,1650,B,a2,r4,g4,t16,0,-24,-2,18,4,1,0,0,0,0,3,11,6,0,0,0,0,0,0,TRUE,FALSE,FALSE,FALSE,FALSE,tc,98,-10,-7.5,-6.5,3.5,1,0.34,4,23.24,47.47,23.84,48.07,13,120,31
,,,,,,,,,,,,,,,,,,L3,4,A,1650,B,a2,r4,g4,t16,0,-24,-12,18,4,1,0,0,-1,-2,-9,3,6,0,0,0,0,0,0,TRUE,FALSE,FALSE,FALSE,FALSE,zc,157,-2,-3.5,-21.75,-19.75,-18.25,-2.44,14,26.44,50.99,26.69,51.24,179,120,197
,,,,,,,,,,,,,,,,,,L2,4,A,1650,B,a2,r4,g4,t16,0,-24,-9,18,4,1,0,0,0,3,3,11,6,0,0,0,0,0,0,TRUE,FALSE,FALSE,FALSE,FALSE,gz,112,-7.25,-6,-4,3.25,2,0.35,5,22.1,45.27,22.6,45.77,165,120,183
,,,,,,,,,,,,,,,,,,L1,7,A,1650,B,a4,r11,g3,t13,0,-13,-3,54,10,1,0,0,0,0,0,5,0,0,0,0,23.2,0,0,FALSE,FALSE,TRUE,FALSE,FALSE,ts,70,-0.25,-1.25,-18.25,-18,-17,-2.25,13,26.15,50.45,26.48,50.78,0,115,52
,,,,,,,,,,,,,,,,,,L2,7,A,1650,B,a4,r11,g3,t13,0,-13,1,54,10,1,0,0,0,-8,-8,3,0,0,0,0,23.2,0,0,FALSE,FALSE,TRUE,FALSE,FALSE,tz,94,-1.75,-2.75,-15.25,-13.5,-12.5,-1.96,12,24.73,47.62,24.87,47.76,0,115,6.6
,,,,,,,,,,,,,,,,,,L3,7,A,1650,B,a4,r11,g3,t13,0,-13,-3,54,10,1,0,0,0,1,0,9,0,0,0,0,23.2,0,0,FALSE,FALSE,TRUE,FALSE,FALSE,tc,126,-5,-5.25,-5,0,0.25,-0.48,7,24.17,48.38,24.62,48.83,0,115,38
,,,,,,,,,,,,,,,,,,L1,6,A,1650,B,g4,r29,g4,t15,0,-1,-2,8.3,6,0,0,0,0,0,0,11,0,4,0,22.7,0,0,0,FALSE,TRUE,FALSE,FALSE,FALSE,tc,112,-10.25,-11.25,-9.25,1,2,0.65,3,23.17,47.06,23.19,47.08,17.7,116,26
,,,,,,,,,,,,,,,,,,L3,6,A,1650,B,g4,r29,g4,t15,0,-1,-6,8.3,6,0,0,0,0,-1,-7,3,0,4,0,22.7,0,0,0,FALSE,TRUE,FALSE,FALSE,FALSE,tc,245,-2.25,-2.25,-9.75,-7.5,-7.5,-0.16,12,24.82,49.53,24.72,49.43,18.7,116,27
,,,,,,,,,,,,,,,,,,L2,6,A,1650,B,g4,r29,g4,t15,0,-1,-2,8.3,6,0,0,0,-2,0,-2,3,0,4,0,22.7,0,0,0,FALSE,TRUE,FALSE,FALSE,FALSE,tc,147,-1.25,-1.5,-1.5,-0.25,0,1.28,6,23.73,48.79,23.73,48.79,14.7,116,23
,,,,,,,,,,,,,,,,,,L2,6,A,1650,B,g1,r13,g2,t5,0,-8,9,3.7,3,1,0,0,0,1,1,3,0,0,0,0,0,0,0,FALSE,FALSE,FALSE,FALSE,FALSE,tc,77,-2,-1.25,1.5,3.5,2.75,1.49,3,23.01,47.21,22.93,47.13,0,133,3.6
,,,,,,,,,,,,,,,,,,L1,6,A,1650,B,g1,r13,g2,t5,0,-8,3,3.7,3,1,0,0,-2,0,4,5,0,0,0,0,0,0,0,FALSE,FALSE,FALSE,FALSE,FALSE,tc,56,-2.75,-3.25,-0.25,2.5,3,0.97,1,22.47,46.03,22.66,46.22,0,133,2.8
,,,,,,,,,,,,,,,,,,L3,6,A,1650,B,g1,r13,g2,t5,0,-8,12,3.7,3,1,0,0,-1,0,3,5,0,0,0,0,0,0,0,FALSE,FALSE,FALSE,FALSE,FALSE,tc,91,-1.75,-1.75,-0.75,1,1,0.33,5,23.89,47.46,23.54,47.11,0,133,8.1
,,,,,,,,,,,,,,,,,,L1,4,A,1650,B,a1,r1,g2,t9,0,12,2,8.5,1,0,0,0,0,-1,-3,5,4,0,22.7,0,0,0,0,TRUE,FALSE,FALSE,FALSE,FALSE,zc,80,-5.25,-1.75,-2.75,2.5,-1,-0.34,8,23.47,46.25,23.17,45.95,0,128,9.8
,,,,,,,,,,,,,,,,,,L3,4,A,1650,B,a1,r1,g2,t9,0,12,4,8.5,1,0,0,0,5,-1,-3,5,4,0,22.7,0,0,0,0,TRUE,FALSE,FALSE,FALSE,FALSE,tc,147,-1.75,-1.25,-1.75,0,-0.5,0.12,8,24.25,47.77,23.5,47.02,11.5,128,20
,,,,,,,,,,,,,,,,,,L2,4,A,1650,B,a1,r1,g2,t9,0,12,5,8.5,1,0,0,0,0,0,1,1,4,0,22.7,0,0,0,0,TRUE,FALSE,FALSE,FALSE,FALSE,tc,126,-1.5,-1.25,0.06,1.56,1.31,0.85,8,24.4,48.68,23.55,47.83,0,128,5.5
,,,,,,,,,,,,,,,,,,L1,5,A,1650,B,g3,r24,g5,t18,0,0,0,22,8,0,0,0,0,0,6,11,0,6,0,22.2,0,0,0,FALSE,TRUE,FALSE,FALSE,FALSE,tc,91,-7.5,-5.25,-4,3.5,1.25,0.01,4,23.2,46.41,23.2,46.41,0,127,14
,,,,,,,,,,,,,,,,,,L3,5,A,1650,B,g3,r24,g5,t18,0,0,3,22,8,0,0,0,0,0,4,11,0,6,0,22.2,0,0,0,FALSE,TRUE,FALSE,FALSE,FALSE,tc,133,-7,-7.75,-3,4,4.75,1.4,2,23.38,47.81,23.1,47.53,0,127,11
,,,,,,,,,,,,,,,,,,L2,5,A,1650,B,g3,r24,g5,t18,0,0,3,22,8,0,0,0,-2,1,6,7,0,6,0,22.2,0,0,0,FALSE,TRUE,FALSE,FALSE,FALSE,tc,119,-4.5,-4.25,0.5,5,4.75,1.35,3,23.85,48.55,23.42,48.12,0,127,5.6
,,,,,,,,,,,,,,,,,,L3,5,A,1650,B,g1,r14,g1,t1,0,18,8,5.6,5,1,0,0,2,6,6,9,0,0,0,0,0,0,0,FALSE,FALSE,FALSE,FALSE,FALSE,tz,101,-4,-3.75,-0.5,3.5,3.25,-0.03,1,22.93,45.31,22.61,44.99,0,125,3.6
,,,,,,,,,,,,,,,,,,L2,5,A,1650,B,g1,r14,g1,t1,0,18,7,5.6,5,1,0,0,-1,0,2,3,0,0,0,0,0,0,0,FALSE,FALSE,FALSE,FALSE,FALSE,zc,80,-3.75,-1.25,2,5.75,3.25,0.19,5,23.15,46.09,22.92,45.86,0,125,3.7
,,,,,,,,,,,,,,,,,,L1,5,A,1650,B,g1,r14,g1,t1,0,18,0,5.6,5,1,0,0,0,0,-1,1,0,0,0,0,0,0,0,FALSE,FALSE,FALSE,FALSE,FALSE,zc,59,-1.25,-0.75,-1,0.25,-0.25,1.35,12,22.65,46.2,22.2,45.75,0,125,3.7
,,,,,,,,,,,,,,,,,,L2,7,A,1650,B,a4,r10,g3,t12,0,22,-8,26,6,0,0,0,0,0,6,9,0,4,0,22.9,0,0,0,FALSE,TRUE,FALSE,FALSE,FALSE,tc,98,-7.75,-5.25,-1,6.75,4.25,0.31,1,23.65,47.49,23.33,47.17,0,120,32
,,,,,,,,,,,,,,,,,,L3,7,A,1650,B,a4,r10,g3,t12,0,22,-10,26,6,0,0,0,0,0,6,11,0,4,0,22.9,0,0,0,FALSE,TRUE,FALSE,FALSE,FALSE,tc,224,-7,-5.5,-3,4,2.5,0.19,2,23.25,46.99,23.3,47.04,0,120,24
,,,,,,,,,,,,,,,,,,L1,7,A,1650,B,a4,r10,g3,t12,0,22,-3,26,6,0,0,0,0,0,5,9,0,4,0,22.9,0,0,0,FALSE,TRUE,FALSE,FALSE,FALSE,dd,74,-8,-8.75,-6.5,1.5,2.25,0.71,3,23.19,46.62,22.65,46.08,0,120,22
,,,,,,,,,,,,,,,,,,L2,6,A,1650,B,g2,r18,g4,t15,0,-15,1,42,9,0,0,0,-1,0,1,9,0,1,0,22.6,0,0,0,FALSE,TRUE,FALSE,FALSE,FALSE,tc,77,-7.75,-5.25,-6.25,1.5,-1,0.86,7,22.59,46.51,23.08,47,0,123,23
,,,,,,,,,,,,,,,,,,L3,6,A,1650,B,g2,r18,g4,t15,0,-15,7,42,9,0,0,0,1,0,4,5,0,1,0,22.6,0,0,0,FALSE,TRUE,FALSE,FALSE,FALSE,tc,98,-3.75,-2.75,0.06,3.81,2.81,0.3,3,23.71,47.79,23.95,48.03,0,123,53
,,,,,,,,,,,,,,,,,,L1,6,A,1650,B,g2,r18,g4,t15,0,-15,-1,42,9,0,0,0,0,0,0,5,0,1,0,22.6,0,0,0,FALSE,TRUE,FALSE,FALSE,FALSE,ss,63,-1.5,-2.25,-7.5,-6,-5.25,0.88,9,24.16,49.6,24.54,49.98,0,123,31
,,,,,,,,,,,,,,,,,,L3,5,A,1650,B,g4,r29,g2,t7,0,18,-5,17,12,1,0,0,0,1,3,11,4,0,0,0,0,0,0,TRUE,FALSE,FALSE,FALSE,FALSE,zc,101,-5.5,-5.75,-3.5,2,2.25,0.48,4,22.47,45.49,22.42,45.44,4,123,21
,,,,,,,,,,,,,,,,,,L1,5,A,1650,B,g4,r29,g2,t7,0,18,-4,17,12,1,0,0,0,0,0,5,4,0,0,0,0,0,0,TRUE,FALSE,FALSE,FALSE,FALSE,ss,63,-8,-1.75,-4.5,3.5,-2.75,0.16,7,24.51,48.83,24.06,48.38,0,123,7.1
,,,,,,,,,,,,,,,,,,L2,5,A,1650,B,g4,r29,g2,t7,0,18,-3,17,12,1,0,0,0,0,5,7,4,0,0,0,0,0,0,TRUE,FALSE,FALSE,FALSE,FALSE,tc,77,-6,-4.5,-3.25,2.75,1.25,1.36,4,22.84,46.92,22.65,46.73,0,123,12
,,,,,,,,,,,,,,,,,,L2,3,A,1650,B,g4,r30,g5,t20,0,0,0,182,7,1,0,0,0,0,0,5,7,0,23.1,0,0,0,0,TRUE,FALSE,FALSE,FALSE,FALSE,dd,0,0,0,0,0,0,0,0,0,0,0,0,0,122,0
,,,,,,,,,,,,,,,,,,L1,3,A,1650,B,g4,r30,g5,t20,0,0,0,182,7,1,0,0,0,0,0,5,7,0,23.1,0,0,0,0,TRUE,FALSE,FALSE,FALSE,FALSE,dd,0,0,0,0,0,0,0,0,0,0,0,0,0,122,0
,,,,,,,,,,,,,,,,,,L3,3,A,1650,B,g4,r30,g5,t20,0,0,0,182,7,1,0,0,0,0,0,5,7,0,23.1,0,0,0,0,TRUE,FALSE,FALSE,FALSE,FALSE,dd,0,0,0,0,0,0,0,0,0,0,0,0,0,122,0
,,,,,,,,,,,,,,,,,,L1,5,A,1650,B,g2,r16,g2,t8,0,14,-1,13,11,0,0,0,1,0,0,5,0,4,0,23.9,0,0,0,FALSE,TRUE,FALSE,FALSE,FALSE,tc,56,-2.5,-3.25,-2.5,0,0.75,0.65,8,23.27,46.87,22.93,46.53,0,118,8.4
,,,,,,,,,,,,,,,,,,L3,5,A,1650,B,g2,r16,g2,t8,0,14,-2,13,11,0,0,0,-1,-2,3,7,0,4,0,23.9,0,0,0,FALSE,TRUE,FALSE,FALSE,FALSE,tc,98,-4,-4.25,-1.5,2.5,2.75,0.49,4,24.09,48.37,23.74,48.02,0,118,4.2
,,,,,,,,,,,,,,,,,,L2,5,A,1650,B,g2,r16,g2,t8,0,14,-3,13,11,0,0,0,1,0,6,11,0,4,0,23.9,0,0,0,FALSE,TRUE,FALSE,FALSE,FALSE,tc,77,-8.75,-5.75,-4.25,4.5,1.5,1.18,2,22.93,46.77,22.59,46.43,0,118,10
,,,,,,,,,,,,,,,,,,L1,6,A,1650,B,g1,r15,g1,t2,0,4,-1,2.4,2,1,0,0,0,0,0,5,0,6,0,22.3,0,0,0,FALSE,TRUE,FALSE,FALSE,FALSE,ss,63,-4.5,-2.5,-1,3.5,1.5,1.5,1,23.57,48.57,23.48,48.48,0,117,5.5
,,,,,,,,,,,,,,,,,,L3,6,A,1650,B,g1,r15,g1,t2,1,4,-6,2.4,2,1,0,0,0,0,0,1,0,6,0,22.3,0,0,0,FALSE,TRUE,FALSE,FALSE,FALSE,tc,112,1,1.25,1.25,-0.25,0,0.16,9,23.77,47.5,23.42,47.15,0,117,2.5
,,,,,,,,,,,,,,,,,,L2,6,A,1650,B,g1,r15,g1,t2,1,4,-13,2.4,2,1,0,0,0,0,0,1,0,6,0,22.3,0,0,0,FALSE,TRUE,FALSE,FALSE,FALSE,tc,98,1,1.25,1.25,-0.25,0,-0.03,9,23.98,48.13,23.86,48.01,0,117,5.5
,,,,,,,,,,,,,,,,,,L2,4,A,1650,B,a4,r12,g5,t20,0,18,-10,267,4,0,13,22.9,0,0,-5,7,0,0,0,0,0,0,0,FALSE,FALSE,FALSE,FALSE,FALSE,tc,77,-6,-4.25,-10.75,-4.75,-6.5,0.08,12,23.89,47.93,23.71,47.75,-142,113,125
,,,,,,,,,,,,,,,,,,L3,4,A,1650,B,a4,r12,g5,t20,0,18,-12,267,4,0,13,22.9,0,-1,-5,9,0,0,0,0,0,0,0,FALSE,FALSE,FALSE,FALSE,FALSE,dd,105,-5.75,-5.5,-21.75,-16,-16.25,-2.71,14,26,49.34,25.75,49.09,-54,113,213
,,,,,,,,,,,,,,,,,,L1,4,A,1650,B,a4,r12,g5,t20,0,18,-9,267,4,0,13,22.9,0,0,0,5,0,0,0,0,0,0,0,FALSE,FALSE,FALSE,FALSE,FALSE,ss,63,-6.75,-4.25,-9.25,-2.5,-5,0.4,8,24.74,49.66,24.3,49.22,-107,113,160
,,,,,,,,,,,,,,,,,,L2,5,B,1600,A,g1,r14,g3,t10,0,2,1,7.2,6,0,0,0,0,0,-3,1,0,6,0,22.5,0,0,0,FALSE,TRUE,FALSE,FALSE,FALSE,zc,98,0.75,0.75,-0.5,-1.25,-1.25,-0.81,9,24.14,47.45,24.14,47.45,8.8,133,16
,,,,,,,,,,,,,,,,,,L3,5,B,1600,A,g1,r14,g3,t10,-1,2,19,7.2,6,0,0,0,1,-5,-5,5,0,6,0,22.5,0,0,0,FALSE,TRUE,FALSE,FALSE,FALSE,gz,130,-1.25,-3.25,-9.5,-8.25,-6.25,-2.53,10,25.97,48.66,25.69,48.38,0,133,8.8
,,,,,,,,,,,,,,,,,,L1,5,B,1600,A,g1,r14,g3,t10,0,2,1,7.2,6,0,0,0,-1,-4,-7,3,0,6,0,22.5,0,0,0,FALSE,TRUE,FALSE,FALSE,FALSE,zc,84,-1.75,-4,-24.5,-22.75,-20.5,-3.08,14,26.88,50.61,26.83,50.56,0,133,8.7
,,,,,,,,,,,,,,,,,,L3,6,B,1600,A,g4,r30,g5,t21,0,6,0,15,5,1,8,23.6,2,0,8,9,0,0,0,0,0,0,0,FALSE,FALSE,FALSE,FALSE,FALSE,ts,112,-4.75,-4.5,-0.75,4,3.75,-0.38,1,23.39,46.28,23.27,46.16,0,130,11
,,,,,,,,,,,,,,,,,,L1,6,B,1600,A,g4,r30,g5,t21,0,6,-2,15,5,1,8,23.6,-1,-2,4,11,0,0,0,0,0,0,0,FALSE,FALSE,FALSE,FALSE,FALSE,ts,63,-6,-7.5,-7.5,-1.5,0,0.31,8,23.84,47.89,23.69,47.74,0,130,5.4
,,,,,,,,,,,,,,,,,,L2,6,B,1600,A,g4,r30,g5,t21,0,6,4,15,5,1,8,23.6,0,0,0,5,0,0,0,0,0,0,0,FALSE,FALSE,FALSE,FALSE,FALSE,ts,91,-5.25,-4,-6.75,-1.5,-2.75,-0.45,10,25,49.23,24.78,49.01,22,130,37
,,,,,,,,,,,,,,,,,,L1,6,B,1600,A,g3,r24,g4,t16,0,-6,3,6,12,0,0,0,3,-1,3,7,0,5,0,22.5,0,0,0,FALSE,TRUE,FALSE,FALSE,FALSE,ts,63,-6.75,-3.75,-0.12,6.63,3.63,0.15,2,23.11,46.44,23.25,46.58,0,129,7
,,,,,,,,,,,,,,,,,,L2,6,B,1600,A,g3,r24,g4,t16,0,-6,2,6,12,0,0,0,0,0,0,5,0,5,0,22.5,0,0,0,FALSE,TRUE,FALSE,FALSE,FALSE,ts,91,-6.5,-4.25,-3.5,3,0.75,-0.06,2,24.33,48.4,24.18,48.25,0,129,7.5
,,,,,,,,,,,,,,,,,,L3,6,B,1600,A,g3,r24,g4,t16,0,-6,0,6,12,0,0,0,0,0,0,5,0,5,0,22.5,0,0,0,FALSE,TRUE,FALSE,FALSE,FALSE,gs,130,-9.5,-6.25,-5.5,4,0.75,-0.09,2,24.03,47.82,23.88,47.67,4,129,10
,,,,,,,,,,,,,,,,,,L1,4,B,1600,A,a4,r11,g3,t12,-1,28,15,126,10,0,0,0,-3,-1,0,9,0,0,0,0,0,0,0,FALSE,FALSE,FALSE,FALSE,FALSE,gs,137,-5.75,-6,-6.75,-1,-0.75,-0.43,8,25.25,49,24.55,48.3,-26,126,100
,,,,,,,,,,,,,,,,,,L3,4,B,1600,A,a4,r11,g3,t12,-1,28,8,126,10,0,0,0,-1,1,1,11,0,0,0,0,0,0,0,FALSE,FALSE,FALSE,FALSE,FALSE,gz,207,-7.25,-11,-9.5,-2.25,1.5,0.44,6,22.41,45.43,22.78,45.8,266,126,392
,,,,,,,,,,,,,,,,,,L2,4,B,1600,A,a4,r11,g3,t12,-1,28,10,126,10,0,0,0,0,1,0,11,0,0,0,0,0,0,0,FALSE,FALSE,FALSE,FALSE,FALSE,gs,179,-8.5,-5.25,-7.5,1,-2.25,0.09,8,24.17,48.31,24.3,48.44,-3,126,123
,,,,,,,,,,,,,,,,,,L1,6,B,1600,A,g1,r15,g1,t2,0,-22,0,2.6,3,1,0,0,1,-1,9,11,0,8,0,22.9,0,0,0,FALSE,TRUE,FALSE,FALSE,FALSE,zc,67,-8.75,-6.25,-3.25,5.5,3,-0.38,1,22.89,45.95,23.44,46.5,7.4,128,10
,,,,,,,,,,,,,,,,,,L3,6,B,1600,A,g1,r15,g1,t2,0,-22,-4,2.6,3,1,0,0,0,1,3,11,0,8,0,22.9,0,0,0,FALSE,TRUE,FALSE,FALSE,FALSE,tc,120,-9.25,-4.25,-5.5,3.75,-1.25,0.2,5,23.05,46.9,23.55,47.4,0,128,6.6
,,,,,,,,,,,,,,,,,,L2,6,B,1600,A,g1,r15,g1,t2,0,-22,-2,2.6,3,1,0,0,0,0,0,5,0,8,0,22.9,0,0,0,FALSE,TRUE,FALSE,FALSE,FALSE,ts,91,-6.25,-4,-4.75,1.5,-0.75,-0.31,5,24.16,48.23,24.33,48.4,21.4,128,24
,,,,,,,,,,,,,,,,,,L1,8,B,1600,A,a4,r12,g5,t22,0,-17,2,19,9,1,0,0,0,0,1,11,0,11,0,22.5,0,0,0,FALSE,TRUE,FALSE,FALSE,FALSE,zc,56,-8.75,-7.25,-6.75,2,0.5,-0.42,4,23.18,46.31,23.6,46.73,32,127,51
,,,,,,,,,,,,,,,,,,L2,8,B,1600,A,a4,r12,g5,t22,0,-17,-1,19,9,1,0,0,0,0,0,5,0,11,0,22.5,0,0,0,FALSE,TRUE,FALSE,FALSE,FALSE,ts,91,-4.5,-4.75,-6,-1.5,-1.25,0.02,6,24.28,48.75,24.43,48.9,0,127,19
,,,,,,,,,,,,,,,,,,L3,8,B,1600,A,a4,r12,g5,t22,0,-17,-4,19,9,1,0,0,0,0,4,9,0,11,0,22.5,0,0,0,FALSE,TRUE,FALSE,FALSE,FALSE,ts,112,-3.25,-4.75,-3.75,-0.5,1,-0.51,5,23.53,46.7,23.58,46.75,0,127,11
,,,,,,,,,,,,,,,,,,L1,6,B,1600,A,a1,r1,g5,t21,0,-6,-2,36,7,0,0,0,-2,5,-1,7,0,0,0,0,22.9,0,0,FALSE,FALSE,TRUE,FALSE,FALSE,ts,63,-4.75,-6,-8.5,-3.75,-2.5,-0.15,10,23.96,47.97,24.11,48.12,0,126,27
,,,,,,,,,,,,,,,,,,L2,6,B,1600,A,a1,r1,g5,t21,0,-6,-3,36,7,0,0,0,0,2,4,11,0,0,0,0,22.9,0,0,FALSE,FALSE,TRUE,FALSE,FALSE,gs,88,-6,-3.75,-2.5,3.5,1.25,0.31,2,23.82,48.25,24.05,48.48,0,126,85
,,,,,,,,,,,,,,,,,,L3,6,B,1600,A,a1,r1,g5,t21,-1,-6,15,36,7,0,0,0,1,-2,-3,7,0,0,0,0,22.9,0,0,FALSE,FALSE,TRUE,FALSE,FALSE,gs,235,-5,-4.75,-7.25,-2.25,-2.5,0.17,10,24.1,48.3,24.4,48.6,217,126,253
,,,,,,,,,,,,,,,,,,L3,5,B,1600,A,a2,r7,g3,t11,0,-14,8,7.7,11,0,0,0,0,0,0,5,0,9,0,22.8,0,0,0,FALSE,TRUE,FALSE,FALSE,FALSE,ts,91,-3.25,-2.5,-0.06,3.19,2.44,0.45,1,24.26,48.57,24.06,48.37,0,124,9.6
,,,,,,,,,,,,,,,,,,L1,5,B,1600,A,a2,r7,g3,t11,0,-14,3,7.7,11,0,0,0,0,0,0,5,0,9,0,22.8,0,0,0,FALSE,TRUE,FALSE,FALSE,FALSE,gs,53,-4.5,-3,-4,0.5,-1,1,5,23.68,48.63,24.02,48.97,0,124,3.9
,,,,,,,,,,,,,,,,,,L2,5,B,1600,A,a2,r7,g3,t11,0,-14,3,7.7,11,0,0,0,4,1,-1,3,0,9,0,22.8,0,0,0,FALSE,TRUE,FALSE,FALSE,FALSE,ss,71,-0.5,-1.25,-2,-1.5,-0.75,0.11,9,24.34,48.91,24.53,49.1,3.3,124,11
,,,,,,,,,,,,,,,,,,L1,5,B,1600,A,a3,r6,g4,t15,0,6,-2,61,4,0,0,0,5,-1,-1,11,0,0,0,0,0,0,0,FALSE,FALSE,FALSE,FALSE,FALSE,zc,56,-6.25,-4.5,-6.5,-0.25,-2,-0.88,10,24.07,47.16,23.92,47.01,41,119,102
,,,,,,,,,,,,,,,,,,L3,5,B,1600,A,a3,r6,g4,t15,-1,6,4,61,4,0,0,0,-1,0,0,11,0,0,0,0,0,0,0,FALSE,FALSE,FALSE,FALSE,FALSE,tz,176,-3,-4.75,-7.5,-4.5,-2.75,-1.85,10,23.35,44.6,23.2,44.45,256,119,317
,,,,,,,,,,,,,,,,,,L2,5,B,1600,A,a3,r6,g4,t15,0,6,-11,61,4,0,0,0,1,4,2,11,0,0,0,0,0,0,0,FALSE,FALSE,FALSE,FALSE,FALSE,zc,84,-8,-4.5,-8.25,-0.25,-3.75,-1.29,6,23.75,46.56,23.83,46.64,0,119,96
,,,,,,,,,,,,,,,,,,L1,7,B,1600,A,a2,r4,g3,t13,0,-1,-1,7.3,1,0,0,0,0,1,-3,7,10,0,22.9,0,23.2,0,0,TRUE,FALSE,TRUE,FALSE,FALSE,ss,71,-3.5,-5.25,-6.75,-3.25,-1.5,0.18,10,24.5,49.23,24.53,49.26,5.7,119,13
,,,,,,,,,,,,,,,,,,L2,7,B,1600,A,a2,r4,g3,t13,0,-1,-2,7.3,1,0,0,0,-1,0,3,5,10,0,22.9,0,23.2,0,0,TRUE,FALSE,TRUE,FALSE,FALSE,zc,98,-3.5,-3.25,-2.75,0.75,0.5,0.32,3,23.05,46.44,23.02,46.41,0,119,5.9
,,,,,,,,,,,,,,,,,,L3,7,B,1600,A,a2,r4,g3,t13,0,-1,-2,7.3,1,0,0,0,0,0,0,5,10,0,22.9,0,23.2,0,0,TRUE,FALSE,TRUE,FALSE,FALSE,ss,102,-2.25,-1.5,-4.25,-2,-2.75,-1.22,8,25.6,49.93,25.5,49.83,2.7,119,10
,,,,,,,,,,,,,,,,,,L2,7,B,1600,A,a4,r3,g5,t21,0,5,-1,13,8,0,0,0,1,0,-9,3,1,0,22.7,0,0,0,0,TRUE,FALSE,FALSE,FALSE,FALSE,zc,84,-1.25,-0.75,-14.5,-13.25,-13.75,-2.42,13,25.96,49.25,25.69,48.98,0,115,12
,,,,,,,,,,,,,,,,,,L3,7,B,1600,A,a4,r3,g5,t21,0,5,-8,13,8,0,0,0,0,0,-8,3,1,0,22.7,0,0,0,0,TRUE,FALSE,FALSE,FALSE,FALSE,gs,172,1.25,-0.25,-6.5,-7.75,-6.25,-0.97,12,25.99,50.54,25.32,49.87,0,115,9.1
,,,,,,,,,,,,,,,,,,L1,7,B,1600,A,a4,r3,g5,t21,0,5,-2,13,8,0,0,0,0,-1,-3,3,1,0,22.7,0,0,0,0,TRUE,FALSE,FALSE,FALSE,FALSE,ts,63,-2.25,-1,-4,-1.75,-3,-0.6,11,24.28,47.89,24.16,47.77,29,115,42
,,,,,,,,,,,,,,,,,,L1,6,B,1600,A,a3,r5,g5,t19,0,6,-2,58,2,0,10,22.6,0,3,3,11,0,0,0,0,0,23,0,FALSE,FALSE,FALSE,TRUE,FALSE,zc,67,-9.25,-8.75,-8.75,0.5,0,-1.72,4,24.11,46.4,23.96,46.25,0,116,63
,,,,,,,,,,,,,,,,,,L2,6,B,1600,A,a3,r5,g5,t19,0,6,-7,58,2,0,10,22.6,-1,0,4,11,0,0,0,0,0,23,0,FALSE,FALSE,FALSE,TRUE,FALSE,zc,98,-8.25,-8,-4.5,3.75,3.5,-0.2,4,23.82,47.09,23.3,46.57,111,116,169
,,,,,,,,,,,,,,,,,,L3,6,B,1600,A,a3,r5,g5,t19,0,6,-12,58,2,0,10,22.6,3,1,-6,7,0,0,0,0,0,23,0,FALSE,FALSE,FALSE,TRUE,FALSE,zc,140,-3.25,-2.5,-7,-3.75,-4.5,-0.3,12,23.67,47.26,23.59,47.18,213,116,271
